{
"type": "FeatureCollection",
"name": "roads",
"crs": { "type": "name", "properties": { "name": "urn:ogc:def:crs:OGC:1.3:CRS84" } },
"features": [
{ "type": "Feature", "properties": { "id": "way/255698423", "@id": "way/255698423", "access": null, "addr_city": null, "addr_distr": null, "addr_house": null, "addr_postc": null, "addr_provi": null, "addr_stree": null, "air_condit": null, "alt_name": null, "amenity": null, "bar": null, "barrier": null, "bath_open_": null, "bath_sand_": null, "bicycle": "yes", "brand": null, "brand_en": null, "brand_wiki": null, "brand_zh": null, "bridge": null, "building": null, "building_l": null, "covered": null, "crossing": null, "crossing_m": null, "cuisine": null, "entrance": null, "fee": null, "female": null, "foot": "yes", "footway": null, "grades": null, "height": null, "highway": "residential", "hoops": null, "horse": null, "image": null, "internet_a": null, "internet_1": null, "lanes": null, "layer": null, "leisure": null, "lit": null, "male": null, "man_made": null, "motor_vehi": null, "name": "修远大道", "name_en": "Xiuyuan Avenue", "name_zh": "修远大道", "name_zh-La": "Xiūyuǎn Dàdào", "note": null, "oneway": "no", "opening_ho": null, "operator": null, "operator_t": null, "outdoor_se": null, "religion": null, "service": null, "short_name": null, "sport": null, "surface": "asphalt", "takeaway": null, "toilets": null, "toilets_di": null, "toilets_ha": null, "tourism": null, "type": null, "vending": null, "website": null, "wheelchair": null }, "geometry": { "type": "MultiPolygon", "coordinates": [ [ [ [ 108.887008853250308, 34.366084937210488 ], [ 108.887008074507889, 34.366085230711256 ], [ 108.887007228905034, 34.366085337773285 ], [ 108.887001915210107, 34.366087552092949 ], [ 108.886996501242535, 34.366089592566318 ], [ 108.886995869987928, 34.366090071253801 ], [ 108.886995105668575, 34.366090389760394 ], [ 108.886990877213591, 34.36609385733049 ], [ 108.886986488609324, 34.366097185257779 ], [ 108.886986066634094, 34.366097802274766 ], [ 108.886985458415083, 34.366098301048318 ], [ 108.886982729110585, 34.366102682439127 ], [ 108.88697979545671, 34.366106972060024 ], [ 108.886979624066754, 34.366107667008698 ], [ 108.88697923148483, 34.366108297225757 ], [ 108.886978268494119, 34.36611316355684 ], [ 108.886977076957749, 34.366117994973301 ], [ 108.886948176713759, 34.366654394373803 ], [ 108.886901076395787, 34.36752769192924 ], [ 108.886846190305732, 34.368543424831358 ], [ 108.886833309285947, 34.368722559592719 ], [ 108.886833287891506, 34.368726518630957 ], [ 108.886884687452323, 34.369568218610318 ], [ 108.886885699618617, 34.369572201756618 ], [ 108.886886288134008, 34.369576243009682 ], [ 108.886887091449296, 34.369577678984065 ], [ 108.886887485053165, 34.369579227920738 ], [ 108.886889932069465, 34.369582756762838 ], [ 108.886891997823966, 34.369586449422549 ], [ 108.886893296963109, 34.369587609275442 ], [ 108.886894248540926, 34.369588981545512 ], [ 108.88689789087617, 34.369591710655016 ], [ 108.886901231659976, 34.369594693258492 ], [ 108.886902899454441, 34.369595463455376 ], [ 108.886904315859127, 34.369596524731314 ], [ 108.886908796976712, 34.369598186964126 ], [ 108.886913085770374, 34.369600167552754 ], [ 108.887986586111211, 34.369926167716656 ], [ 108.887987076381066, 34.369926312959912 ], [ 108.887987081983653, 34.369926315473677 ], [ 108.887987087922568, 34.369926316379093 ], [ 108.887987232650005, 34.369926359254841 ], [ 108.888880032941188, 34.370184259387038 ], [ 108.888880301348138, 34.370184336103677 ], [ 108.889247822299225, 34.37028826629291 ], [ 108.88874489804617, 34.370164213775659 ], [ 108.887872793193964, 34.369936436261995 ], [ 108.887857504488466, 34.369904523620932 ], [ 108.887851259685334, 34.369895538737957 ], [ 108.887842182480384, 34.369888405102039 ], [ 108.887831027733995, 34.36988371594596 ], [ 108.887062427988909, 34.36966931605734 ], [ 108.887043607728558, 34.369667678122148 ], [ 108.886982207755111, 34.369673578121947 ], [ 108.886968153579275, 34.369676992736714 ], [ 108.886956271372497, 34.369684091530388 ], [ 108.886875071377005, 34.369752591509844 ], [ 108.886866510270494, 34.369762935370233 ], [ 108.886862755322966, 34.369775088354686 ], [ 108.886848355243146, 34.369932988342363 ], [ 108.886848327782232, 34.369938091570326 ], [ 108.886886227363576, 34.37040958941639 ], [ 108.886916727004788, 34.370789687411964 ], [ 108.886947227236902, 34.37116859275848 ], [ 108.887008026665086, 34.371925290546265 ], [ 108.887030526880821, 34.372204795038193 ], [ 108.887032614478699, 34.372213667630227 ], [ 108.887037304674863, 34.372221828198036 ], [ 108.887091504652673, 34.372291828212553 ], [ 108.887100771560043, 34.372300390345416 ], [ 108.887112825187273, 34.372306087782874 ], [ 108.887300425246195, 34.372364187811861 ], [ 108.887303996022908, 34.372365149835737 ], [ 108.888039296285712, 34.372534449930349 ], [ 108.888055426206037, 34.372535564589015 ], [ 108.888210828849637, 34.372522042803361 ], [ 108.888325017388908, 34.372526157710737 ], [ 108.888470510524783, 34.372558187384122 ], [ 108.888432963488768, 34.372668641888112 ], [ 108.888431370695173, 34.372679815177079 ], [ 108.888434019933626, 34.372690849725309 ], [ 108.888440651879648, 34.37270066539417 ], [ 108.888450617353314, 34.372708301357129 ], [ 108.888462940864457, 34.372713010152246 ], [ 108.888476416101227, 34.372714330849242 ], [ 108.88848972401189, 34.372712134168772 ], [ 108.888501561923803, 34.372706635137369 ], [ 108.88851077105889, 34.372698372039061 ], [ 108.888516449962509, 34.372688153724113 ], [ 108.888554362631297, 34.372576623296673 ], [ 108.888680696815115, 34.372604362532471 ], [ 108.888680811663036, 34.372604387756091 ], [ 108.888719101862108, 34.372685682138417 ], [ 108.888725798210487, 34.372695233880506 ], [ 108.888735675693013, 34.372702649197457 ], [ 108.888747801968208, 34.372707228152514 ], [ 108.889939602392886, 34.372984028306632 ], [ 108.889950069180273, 34.372985346550657 ], [ 108.890056269225568, 34.372987846555766 ], [ 108.890067373067652, 34.372986916830833 ], [ 108.890077823136409, 34.372983668367908 ], [ 108.890147623158541, 34.372952968358071 ], [ 108.890160940924602, 34.372943896234254 ], [ 108.890218640920708, 34.372885096217715 ], [ 108.890224361273624, 34.372877499983225 ], [ 108.890265261249951, 34.372804199967696 ], [ 108.890267643986974, 34.372798854130878 ], [ 108.890312743930082, 34.3726661541101 ], [ 108.89040265054301, 34.372401034254707 ], [ 108.890505150839715, 34.372098732949468 ], [ 108.890506713094979, 34.372087166339874 ], [ 108.890503738235907, 34.372075791809827 ], [ 108.890467643469989, 34.372000001465935 ], [ 108.890499423009913, 34.371926664006885 ], [ 108.890558067406658, 34.371939299750764 ], [ 108.890776294597686, 34.371986551750638 ], [ 108.890600858859997, 34.372486248550537 ], [ 108.890599150941483, 34.372497410168286 ], [ 108.890601686330726, 34.372508463115764 ], [ 108.890608216847767, 34.372518325453314 ], [ 108.890618103241067, 34.372526031786158 ], [ 108.89063037776171, 34.372530827764059 ], [ 108.890643838893226, 34.37253224392267 ], [ 108.89065716896458, 34.372530141638222 ], [ 108.890669063133998, 34.372524726697051 ], [ 108.890678357116329, 34.372516529151831 ], [ 108.890684141151752, 34.372506351436094 ], [ 108.890872040924648, 34.371971151350607 ], [ 108.891228539412211, 34.370955854269397 ], [ 108.891261531706775, 34.370861931451813 ], [ 108.891523440787168, 34.370960732878203 ], [ 108.891527599922298, 34.370962091954418 ], [ 108.892150813860226, 34.371135540204143 ], [ 108.893588279455244, 34.371547643734722 ], [ 108.894720643503391, 34.371916471516045 ], [ 108.894721169505388, 34.371916639576099 ], [ 108.896247069981385, 34.372394739813529 ], [ 108.896247247610773, 34.372394795099702 ], [ 108.89730408414421, 34.372721539039183 ], [ 108.89727215513939, 34.372797342783542 ], [ 108.897270745671733, 34.372801462231578 ], [ 108.897267155565402, 34.372814972912884 ], [ 108.893473409295225, 34.371825894819473 ], [ 108.893471252953944, 34.371825383008158 ], [ 108.893032653114076, 34.371731383062119 ], [ 108.893021373882135, 34.371730240578813 ], [ 108.892542574088267, 34.371734140595493 ], [ 108.892530846465732, 34.371735579749163 ], [ 108.892197046600359, 34.371816379727335 ], [ 108.892187177540194, 34.371819920120195 ], [ 108.891969477602942, 34.371926320085812 ], [ 108.891964832963723, 34.371928940316209 ], [ 108.891911932973784, 34.37196314030534 ], [ 108.891907427143153, 34.371966498234634 ], [ 108.891758927149965, 34.372093798196651 ], [ 108.891751001453457, 34.372103238282165 ], [ 108.891625901386163, 34.372319338235378 ], [ 108.89162214669777, 34.372329367174217 ], [ 108.891581546593429, 34.372545567150404 ], [ 108.891581106787896, 34.372553236260003 ], [ 108.891596106678762, 34.372762236255674 ], [ 108.891598208244588, 34.372771353200783 ], [ 108.89167330815512, 34.372960353218609 ], [ 108.891681251443586, 34.372972190432634 ], [ 108.8918309514154, 34.37312039047162 ], [ 108.891837170495293, 34.373125423004332 ], [ 108.892012870506704, 34.373241523044946 ], [ 108.892016562921157, 34.373243711157784 ], [ 108.892302962968373, 34.37339531121772 ], [ 108.892307155704145, 34.37339726802324 ], [ 108.892504755753819, 34.373477868059219 ], [ 108.892510813006496, 34.373479884878542 ], [ 108.89519336491071, 34.374183841188326 ], [ 108.895561320827625, 34.374289385143044 ], [ 108.895562312617727, 34.37428965857562 ], [ 108.896860281968387, 34.374633150530144 ], [ 108.898021697260148, 34.374942088660141 ], [ 108.899356974971326, 34.375354555161039 ], [ 108.900404681738578, 34.375783938343211 ], [ 108.900405101683035, 34.375784108119696 ], [ 108.90110200186264, 34.376062008244894 ], [ 108.901104927784232, 34.376063066898475 ], [ 108.901351827859401, 34.376143566937827 ], [ 108.901361398222576, 34.376145679847973 ], [ 108.901681698351553, 34.376184679876289 ], [ 108.901688716755956, 34.376185056562065 ], [ 108.901907616850295, 34.376182056569135 ], [ 108.901918243509286, 34.3761808097669 ], [ 108.902163043609349, 34.376125809752658 ], [ 108.902172894065984, 34.376122475551618 ], [ 108.902424194141943, 34.376005775513981 ], [ 108.902434287681857, 34.375999304820439 ], [ 108.902585387688092, 34.375868804781575 ], [ 108.902589846196761, 34.375864266194561 ], [ 108.902737446167791, 34.375686166148014 ], [ 108.902740067819394, 34.375681914530709 ], [ 108.902741629029421, 34.375679841603649 ], [ 108.90274189774027, 34.375678946888428 ], [ 108.902742542640169, 34.375677901033214 ], [ 108.902814342575454, 34.375511301003009 ], [ 108.902816551629172, 34.375503561843331 ], [ 108.902846851527755, 34.375297961823435 ], [ 108.902846688811891, 34.375288248455817 ], [ 108.902805488694426, 34.375061248460106 ], [ 108.902801955184003, 34.375051486122835 ], [ 108.902732855132513, 34.374927786140915 ], [ 108.902729740399792, 34.374923143864791 ], [ 108.902644340366777, 34.374815443887677 ], [ 108.902641164888095, 34.374811927586862 ], [ 108.902412964847429, 34.374589027646145 ], [ 108.902408033581594, 34.374585514069892 ], [ 108.902403158719309, 34.374581946795914 ], [ 108.902018958783472, 34.374379546876114 ], [ 108.902014171445799, 34.374377362970499 ], [ 108.901447171595066, 34.374156063071069 ], [ 108.901005161625008, 34.373983659213948 ], [ 108.901002818380491, 34.373982814211487 ], [ 108.900783116363499, 34.373909890101714 ], [ 108.900804631885265, 34.373865432235405 ], [ 108.900809325935967, 34.373855799416255 ], [ 108.9008630108478, 34.373874226854703 ], [ 108.900863171031986, 34.373874281527691 ], [ 108.901928371347495, 34.374235781701657 ], [ 108.901928677134791, 34.374235884351805 ], [ 108.902283657323736, 34.374353746559329 ], [ 108.902615671797264, 34.374490586382279 ], [ 108.902716606865567, 34.374544899527649 ], [ 108.90279756635573, 34.374608143415387 ], [ 108.902837719587311, 34.374663851537889 ], [ 108.902939317849601, 34.374844987448412 ], [ 108.903064798283751, 34.375079032062438 ], [ 108.90311208556318, 34.375181636648477 ], [ 108.903117929285187, 34.375190406342938 ], [ 108.903218729257731, 34.375301606369632 ], [ 108.903223435522136, 34.375305999253563 ], [ 108.903348377230628, 34.375404994635659 ], [ 108.903421590903051, 34.375464948074821 ], [ 108.903193022993833, 34.375663564343185 ], [ 108.903049158757426, 34.375777382219646 ], [ 108.903048192137021, 34.375778171266674 ], [ 108.902742692154177, 34.376035471189482 ], [ 108.902733746914777, 34.376046510494554 ], [ 108.902696146889795, 34.376119110479834 ], [ 108.90269498576184, 34.376121604234442 ], [ 108.902660467686061, 34.376204819956989 ], [ 108.902480548113346, 34.376158552562963 ], [ 108.902467118100304, 34.376156941734017 ], [ 108.90245374504795, 34.376158850749206 ], [ 108.902441738002068, 34.376164092740915 ], [ 108.902432272294945, 34.376172154586932 ], [ 108.902426274495909, 34.376182247138296 ], [ 108.902424331712041, 34.376193382466361 ], [ 108.9024266341182, 34.37620447056797 ], [ 108.902432956340419, 34.376214426062404 ], [ 108.902442679516511, 34.37622227443601 ], [ 108.902454851874452, 34.376227247434628 ], [ 108.902674277106527, 34.376283673925656 ], [ 108.902992428311464, 34.376375007568072 ], [ 108.902970343982958, 34.376445355075816 ], [ 108.902847974275758, 34.376695134155909 ], [ 108.901991161514474, 34.37647643038396 ], [ 108.901977727424836, 34.376474842841205 ], [ 108.9019643591717, 34.376476775034185 ], [ 108.901952365331297, 34.376482037826527 ], [ 108.901942919943167, 34.376490116059884 ], [ 108.9019369475876, 34.376500218981178 ], [ 108.901935032881269, 34.376511357646699 ], [ 108.901937363250511, 34.3765224417266 ], [ 108.901943710584064, 34.376532386233798 ], [ 108.901953453561802, 34.376540217730202 ], [ 108.901965638473399, 34.376545169613664 ], [ 108.902860438781801, 34.376773569736287 ], [ 108.902873116565473, 34.376775161449579 ], [ 108.90288580164156, 34.37677361019 ], [ 108.902897385353683, 34.376769051535128 ], [ 108.90290685530357, 34.376761883904251 ], [ 108.902913383832924, 34.376752733737113 ], [ 108.903036508335603, 34.376501413735333 ], [ 108.903836974150579, 34.376721040838724 ], [ 108.90385002925413, 34.376722858439898 ], [ 108.903863137526017, 34.37672132632413 ], [ 108.903875077861002, 34.376716587216016 ], [ 108.903884737953717, 34.376709082588484 ], [ 108.903891217916183, 34.376699511537232 ], [ 108.904011717815266, 34.376432711487446 ], [ 108.904011983025796, 34.376432107919882 ], [ 108.904144696949729, 34.376121477173363 ], [ 108.904306374142209, 34.375785784338525 ], [ 108.904335486790046, 34.375793352763075 ], [ 108.904506056155242, 34.375839482220549 ], [ 108.905099530069421, 34.376010462719265 ], [ 108.905067487641091, 34.376088997953239 ], [ 108.904948064558255, 34.376371915419078 ], [ 108.90481966649088, 34.376675810508317 ], [ 108.904819510126885, 34.376676187268409 ], [ 108.904733500197821, 34.37688722066865 ], [ 108.904698447950281, 34.376966038634279 ], [ 108.904653297498314, 34.377061920957118 ], [ 108.904652439575315, 34.377063914062802 ], [ 108.904587727743944, 34.377229486246904 ], [ 108.9045856154153, 34.377240600360139 ], [ 108.904587748720246, 34.377251711718777 ], [ 108.904593918837591, 34.377261732665545 ], [ 108.904603521794485, 34.377269682279916 ], [ 108.9046156175867, 34.377274782397528 ], [ 108.904629022193035, 34.377276533782755 ], [ 108.90464242347565, 34.377274764997438 ], [ 108.904654509622077, 34.377269649182672 ], [ 108.904664097554999, 34.377261687110533 ], [ 108.904670248740572, 34.377251658164781 ], [ 108.904734566856717, 34.377087092947029 ], [ 108.904763208630243, 34.377026268665901 ], [ 108.90477051291829, 34.377028818276173 ], [ 108.904749050121509, 34.377085045566851 ], [ 108.904685046064685, 34.377252607601569 ], [ 108.904683023140194, 34.377263733144126 ], [ 108.904685245734441, 34.377274832465929 ], [ 108.904691496286006, 34.377284819087947 ], [ 108.904701162948527, 34.377292715449563 ], [ 108.904713299481784, 34.377297748599247 ], [ 108.904726717876571, 34.37729942585657 ], [ 108.904740104645299, 34.377297583039578 ], [ 108.904752149396288, 34.377292400536135 ], [ 108.904761673104332, 34.377284385646234 ], [ 108.904767743522228, 34.377274322923824 ], [ 108.904831748666055, 34.377106757626372 ], [ 108.904852209548238, 34.377053154977439 ], [ 108.906142476687222, 34.377378604880413 ], [ 108.906144713414207, 34.377379115278295 ], [ 108.907056213751289, 34.377565515387168 ], [ 108.907068847510118, 34.37756651336052 ], [ 108.907081288849156, 34.377564436622293 ], [ 108.907092472605996, 34.377559462971817 ], [ 108.90710144128623, 34.377552018226886 ], [ 108.907107427039108, 34.377542739767435 ], [ 108.907385026790351, 34.376900939650866 ], [ 108.907385234583799, 34.37690044805975 ], [ 108.907817134168582, 34.375854447875113 ], [ 108.907817244995869, 34.375854175925603 ], [ 108.908046887161944, 34.375283167714919 ], [ 108.908326518492245, 34.374637656379612 ], [ 108.908326739496886, 34.374637133576336 ], [ 108.908439048330152, 34.374364754370674 ], [ 108.908588453009443, 34.374017208349002 ], [ 108.908623917485258, 34.373938182481695 ], [ 108.908639772211387, 34.373902853167664 ], [ 108.908752338705341, 34.373931569851813 ], [ 108.908940559722055, 34.373979646037888 ], [ 108.9089539931757, 34.37398123553951 ], [ 108.908967361535915, 34.373979305265991 ], [ 108.908979356212782, 34.37397404416604 ], [ 108.908988803082778, 34.373965967233254 ], [ 108.908994777420276, 34.373955865094764 ], [ 108.908996694416331, 34.37394472661888 ], [ 108.908994366423656, 34.373933642117592 ], [ 108.908988021323893, 34.373923696618981 ], [ 108.908978280220666, 34.373915863657309 ], [ 108.908966096641265, 34.373910909976743 ], [ 108.908777868518428, 34.373862831994032 ], [ 108.908670124617785, 34.373835345606466 ], [ 108.908703030711052, 34.373762280534642 ], [ 108.908703230875489, 34.373761800973568 ], [ 108.908703263134342, 34.373761751874753 ], [ 108.908703276930908, 34.373761690632342 ], [ 108.908703717411896, 34.373760635312166 ], [ 108.909048717044783, 34.372864435160729 ], [ 108.909174917687338, 34.372536533086809 ], [ 108.909176970550561, 34.372525654172932 ], [ 108.909174957220102, 34.372514770180764 ], [ 108.909169066456826, 34.372504901535756 ], [ 108.909159850548519, 34.372496973469431 ], [ 108.90914817353017, 34.372491729274678 ], [ 108.90697964391714, 34.371850205278911 ], [ 108.90730892470917, 34.371155645032189 ], [ 108.907366848555185, 34.371170546594776 ], [ 108.90776676681773, 34.371273251309077 ], [ 108.909099565014444, 34.371615650911394 ], [ 108.909112994979481, 34.37161725838854 ], [ 108.909126366704115, 34.371615346006585 ], [ 108.909138371268924, 34.371610100962918 ], [ 108.909147833582608, 34.371602036679427 ], [ 108.909153827407749, 34.371591942545024 ], [ 108.909155766027837, 34.371580806644552 ], [ 108.909153459678791, 34.371569719037851 ], [ 108.909147134123671, 34.371559765057057 ], [ 108.909137408552979, 34.371551919066661 ], [ 108.90912523497343, 34.371546949086216 ], [ 108.907833324208994, 34.37121505395821 ], [ 108.907846685550368, 34.371177568584201 ], [ 108.907848448543774, 34.37116641264894 ], [ 108.907845967718089, 34.371155350986918 ], [ 108.907839485915389, 34.371145466390573 ], [ 108.907829637620807, 34.371137726432579 ], [ 108.907817386854063, 34.37113288875328 ], [ 108.907803932804683, 34.371131426897819 ], [ 108.907790592447213, 34.371133483962481 ], [ 108.907778671627241, 34.371138858587535 ], [ 108.907769337236502, 34.371147024667735 ], [ 108.907763502990335, 34.371157182850922 ], [ 108.907750461807154, 34.371193769919969 ], [ 108.907392541323361, 34.371101850802084 ], [ 108.907296151465744, 34.371077053416073 ], [ 108.907290999956302, 34.37107643506549 ], [ 108.907285917347593, 34.371075503842562 ], [ 108.90728431532628, 34.371075632689703 ], [ 108.907282722390264, 34.371075441484848 ], [ 108.90727759257058, 34.371076173386236 ], [ 108.907272411679628, 34.371076590073713 ], [ 108.907270936084629, 34.371077123105692 ], [ 108.907269349855426, 34.371077349422137 ], [ 108.907264743867444, 34.371079359931791 ], [ 108.907259971835344, 34.371081083741501 ], [ 108.907258767108104, 34.371081968781517 ], [ 108.907257342856582, 34.371082590465861 ], [ 108.907253711565531, 34.371085682781519 ], [ 108.907249815512131, 34.371088544974882 ], [ 108.907248999579792, 34.371089695388889 ], [ 108.907247876721286, 34.371090651586591 ], [ 108.907245575583161, 34.371094523011458 ], [ 108.907242936881161, 34.371098243416924 ], [ 108.90689831459423, 34.3718251627797 ], [ 108.905398656488956, 34.371344398494408 ], [ 108.905585217430996, 34.370900564825646 ], [ 108.905590809545018, 34.370897342251475 ], [ 108.905688062727805, 34.37092581060643 ], [ 108.905701406918112, 34.370927850221072 ], [ 108.905714858107316, 34.370926370776125 ], [ 108.905727099597598, 34.370921517090018 ], [ 108.905736933105501, 34.370913764275791 ], [ 108.905743396058526, 34.370903871233601 ], [ 108.905745855818523, 34.370892806363976 ], [ 108.905744071608524, 34.370881652773818 ], [ 108.905738218081027, 34.370871502254218 ], [ 108.905728868221317, 34.370863348408314 ], [ 108.905716937258987, 34.370857989390707 ], [ 108.905598737297296, 34.370823389408322 ], [ 108.905585331871961, 34.370821348539408 ], [ 108.905571824537319, 34.370822858308635 ], [ 108.905559549303604, 34.370827769608169 ], [ 108.905524149311887, 34.370848169601622 ], [ 108.905514358717951, 34.370855953386538 ], [ 108.905507946653714, 34.370865864238546 ], [ 108.905317301443731, 34.371319413566582 ], [ 108.904766105515449, 34.371157209448434 ], [ 108.90382590507042, 34.370880609368662 ], [ 108.903137608498909, 34.370678010415389 ], [ 108.903137201441425, 34.370677892483329 ], [ 108.902780726217614, 34.370576260357403 ], [ 108.902788442905859, 34.370557519797948 ], [ 108.902790546155799, 34.370549543147021 ], [ 108.902795446135954, 34.370509643143492 ], [ 108.902794996958903, 34.370499692551199 ], [ 108.902786896939489, 34.370461992552372 ], [ 108.902783908951378, 34.370453840364384 ], [ 108.902778691865166, 34.370446499881886 ], [ 108.902740504958857, 34.370404958074786 ], [ 108.902650879286938, 34.370299135052228 ], [ 108.902607534453779, 34.370235923882241 ], [ 108.902564410954838, 34.370151828250393 ], [ 108.902560640323628, 34.370146020810928 ], [ 108.902501040301033, 34.370071520826869 ], [ 108.902493658126758, 34.370064481783686 ], [ 108.902380258127678, 34.36998118181095 ], [ 108.902378995286924, 34.3699802893303 ], [ 108.902254395293241, 34.369895589359423 ], [ 108.902243448179647, 34.369890159299786 ], [ 108.902187939129433, 34.369871158893723 ], [ 108.902124828307151, 34.369848661980114 ], [ 108.902117564997738, 34.369846681192129 ], [ 108.902053732339283, 34.369834317212259 ], [ 108.901852191703838, 34.369771348109779 ], [ 108.901844566947972, 34.369769604908583 ], [ 108.901788166970064, 34.369761204914163 ], [ 108.901777413654443, 34.369760729679435 ], [ 108.901766850624298, 34.36976246599292 ], [ 108.901721750641997, 34.369774865989342 ], [ 108.901707560153824, 34.369781426105121 ], [ 108.901545520561953, 34.369893914731747 ], [ 108.901472082239465, 34.369943904669263 ], [ 108.901467218135963, 34.369947778234533 ], [ 108.90142101813575, 34.369990778222032 ], [ 108.901415774618329, 34.369996815509957 ], [ 108.901394274610652, 34.370027915502519 ], [ 108.901391133885738, 34.370033529254137 ], [ 108.901337255706451, 34.370156600769008 ], [ 108.901036863099975, 34.370067639267646 ], [ 108.901112530016718, 34.369892423572182 ], [ 108.901112536058136, 34.369892397064774 ], [ 108.901112551640168, 34.369892373383372 ], [ 108.901112752911828, 34.369891483050473 ], [ 108.901112752911828, 34.369891483050452 ], [ 108.901113227603503, 34.369890667198831 ], [ 108.901178727527892, 34.36971026716941 ], [ 108.901210334095566, 34.369623048948355 ], [ 108.901212164348848, 34.36961218924084 ], [ 108.901209962846792, 34.36960137702129 ], [ 108.901203934273269, 34.369591617544465 ], [ 108.901194639129827, 34.369583818187131 ], [ 108.901182941622608, 34.369578704085733 ], [ 108.901130795487632, 34.369563789302831 ], [ 108.901167460310504, 34.369479352724774 ], [ 108.901170003328403, 34.369468300864739 ], [ 108.901168303220317, 34.369457138302757 ], [ 108.901162526406395, 34.369446957708163 ], [ 108.90115323836244, 34.369438755628046 ], [ 108.901141348267387, 34.369433334938478 ], [ 108.901128020005672, 34.369431226253717 ], [ 108.901114558239129, 34.369432635986087 ], [ 108.901102280697458, 34.369437426141232 ], [ 108.901092389190921, 34.369445127825777 ], [ 108.901085851968702, 34.369454987145879 ], [ 108.901048605150592, 34.369540763833307 ], [ 108.900770191770263, 34.369464459680735 ], [ 108.900802224048917, 34.369382108199801 ], [ 108.900804317736245, 34.369370991724622 ], [ 108.900802166214532, 34.369359882845039 ], [ 108.900795980091218, 34.369349868975526 ], [ 108.900786364908257, 34.369341930342948 ], [ 108.900774261867014, 34.369336844035288 ], [ 108.900760855696532, 34.369335107935164 ], [ 108.900747458684833, 34.369336891983778 ], [ 108.900735382223061, 34.369342021546124 ], [ 108.900725808438381, 34.369349994505349 ], [ 108.900719674479305, 34.369360030413333 ], [ 108.900688699646253, 34.369439663126499 ], [ 108.900665154891186, 34.369431826637431 ], [ 108.900651426831899, 34.369429294890622 ], [ 108.900637443576443, 34.369430538791498 ], [ 108.900624675550858, 34.369435427536018 ], [ 108.900614465392323, 34.369443447042244 ], [ 108.900607886763254, 34.369453754009136 ], [ 108.900573186728934, 34.369539453994193 ], [ 108.900517085110167, 34.369678307391865 ], [ 108.899562364018337, 34.369398397550079 ], [ 108.899283670992617, 34.369316599612226 ], [ 108.898129757206505, 34.36897829563091 ], [ 108.897745058132884, 34.368865495923473 ], [ 108.897744962501591, 34.368865468091471 ], [ 108.897744961832444, 34.368865467792226 ], [ 108.897744961084683, 34.3688654676791 ], [ 108.897744866465032, 34.368865440141541 ], [ 108.896745768034791, 34.368576840648707 ], [ 108.896204469894883, 34.36842044121525 ], [ 108.896204331186837, 34.368420420497962 ], [ 108.8962042065627, 34.368420365914453 ], [ 108.895048306943465, 34.368093266083349 ], [ 108.89504829301508, 34.368093264061983 ], [ 108.895048280623499, 34.368093258642901 ], [ 108.894186380907726, 34.367849858768722 ], [ 108.894174014683614, 34.367847963719726 ], [ 108.894161512685557, 34.367849090454527 ], [ 108.894017163644222, 34.36788013426311 ], [ 108.89367308144675, 34.367786047775432 ], [ 108.893659689580701, 34.367784239148222 ], [ 108.893646279157494, 34.367785950618277 ], [ 108.893634162881085, 34.367791014655026 ], [ 108.893624526776065, 34.36779893555574 ], [ 108.893618314091242, 34.367808937968142 ], [ 108.89361613296829, 34.367820042787038 ], [ 108.893618196912257, 34.367831162995749 ], [ 108.893624303891485, 34.367841210070679 ], [ 108.893633856113524, 34.367849200533691 ], [ 108.893645918540471, 34.36785435222194 ], [ 108.89400211865977, 34.367951752272909 ], [ 108.894014295865333, 34.367953542354392 ], [ 108.8940265872574, 34.367952409553673 ], [ 108.894170714446147, 34.367921413483948 ], [ 108.894978635763749, 34.368149570098034 ], [ 108.894697865469126, 34.368800488829841 ], [ 108.894180214341475, 34.370000816000555 ], [ 108.892750700672323, 34.369600120255839 ], [ 108.891160471825501, 34.369131901237068 ], [ 108.891361684229281, 34.368599351238622 ], [ 108.891363665972463, 34.368588275497316 ], [ 108.891361443498468, 34.368577231216392 ], [ 108.891355232271891, 34.368567289109755 ], [ 108.891345634455845, 34.368559413038057 ], [ 108.891333580533484, 34.368554366565036 ], [ 108.890608230388466, 34.368360879900713 ], [ 108.890524150999397, 34.36833826639085 ], [ 108.890972177655868, 34.367185127506723 ], [ 108.890974266791275, 34.36717399186751 ], [ 108.890972096929062, 34.367162866848581 ], [ 108.890965881170146, 34.367152845023803 ], [ 108.890956229957439, 34.367144910623388 ], [ 108.890944091124481, 34.367139842874018 ], [ 108.889996891445989, 34.366889043006857 ], [ 108.889996706696934, 34.366888995486704 ], [ 108.889996699965977, 34.366888992710749 ], [ 108.889996692176751, 34.366888991751928 ], [ 108.889996203347465, 34.366888866017923 ], [ 108.889279490766967, 34.366709912601323 ], [ 108.888855362834505, 34.366585497771382 ], [ 108.888854529692708, 34.36658526123805 ], [ 108.887034030300939, 34.366085461499203 ], [ 108.88702816186462, 34.366084662953327 ], [ 108.887022335533246, 34.366083674888593 ], [ 108.88702148553169, 34.366083754472761 ], [ 108.887020641418687, 34.366083639610231 ], [ 108.887014762624659, 34.366084383926584 ], [ 108.887008853250308, 34.366084937210488 ] ], [ [ 108.892262105077521, 34.370980648565421 ], [ 108.892391511462904, 34.370676146865456 ], [ 108.892761426425409, 34.370778915615006 ], [ 108.892901806656567, 34.370911523316067 ], [ 108.892910431830856, 34.370917770354176 ], [ 108.892920728309463, 34.37092192755636 ], [ 108.892977718578777, 34.370937624879119 ], [ 108.893711251389178, 34.371139985471153 ], [ 108.893582753383129, 34.371452489222762 ], [ 108.893576320773647, 34.371468115747177 ], [ 108.892220194668951, 34.371079331388074 ], [ 108.892262105077521, 34.370980648565421 ] ], [ [ 108.893664844234124, 34.371475716584122 ], [ 108.893793452430828, 34.371162944141659 ], [ 108.894866438171306, 34.371466340808482 ], [ 108.894835963917771, 34.371538623698953 ], [ 108.894725867638741, 34.371799314599343 ], [ 108.894710438730229, 34.371835875488266 ], [ 108.893657732274093, 34.371492993471115 ], [ 108.893664844234124, 34.371475716584122 ] ], [ [ 108.894807734016837, 34.371823081498917 ], [ 108.894903940523847, 34.371595279028774 ], [ 108.895773555300835, 34.371822696027252 ], [ 108.895785832135672, 34.371824355625776 ], [ 108.895798172136153, 34.371823057478032 ], [ 108.895809560200377, 34.371818908370969 ], [ 108.895819059534176, 34.371812249614536 ], [ 108.895896448903613, 34.371739832413567 ], [ 108.896418212826177, 34.371886661403856 ], [ 108.896259705313213, 34.372259625037394 ], [ 108.896236293429538, 34.372314477455269 ], [ 108.89479141061544, 34.371861762096003 ], [ 108.894807734016837, 34.371823081498917 ] ], [ [ 108.896341484997436, 34.372283597682738 ], [ 108.896341504360834, 34.372283552218619 ], [ 108.896514601343711, 34.371876258869712 ], [ 108.896650298376343, 34.371557365492855 ], [ 108.896762899702239, 34.371292662085693 ], [ 108.896905699805544, 34.370956918130588 ], [ 108.898266248861489, 34.371352666169685 ], [ 108.898248743908653, 34.371404382457861 ], [ 108.898248376976468, 34.371405540249626 ], [ 108.898208476916182, 34.371540540230242 ], [ 108.898207230409824, 34.37154909999758 ], [ 108.898207230290552, 34.371779299986954 ], [ 108.898207392602899, 34.371782408335491 ], [ 108.898214391978684, 34.371849302703616 ], [ 108.898234191333827, 34.372039197467593 ], [ 108.898235778804619, 34.372046208491085 ], [ 108.898310878701324, 34.372258808507951 ], [ 108.898313554356292, 34.372264523818863 ], [ 108.898415554286842, 34.372437123845792 ], [ 108.89841846073648, 34.37244130586646 ], [ 108.898547160688679, 34.372600705900865 ], [ 108.898550120266748, 34.372603956807815 ], [ 108.898695020240766, 34.37274565684546 ], [ 108.898698663681159, 34.372748809868497 ], [ 108.898848863678737, 34.372863909905163 ], [ 108.898852227248071, 34.37286623760199 ], [ 108.899024727264219, 34.37297383764092 ], [ 108.899028247454879, 34.372975817020993 ], [ 108.899143163022245, 34.373033824159918 ], [ 108.899045850447393, 34.373135321311565 ], [ 108.899041508494008, 34.373140813511881 ], [ 108.899025420373903, 34.373165894974626 ], [ 108.899019492035876, 34.373175111296348 ], [ 108.897413982664588, 34.372678756384651 ], [ 108.897426744805998, 34.372648457172858 ], [ 108.897428560637366, 34.372642607640245 ], [ 108.897431708095411, 34.37262720515006 ], [ 108.89756373743748, 34.372463708078655 ], [ 108.897569430252915, 34.372453494973669 ], [ 108.897571038218771, 34.372442323068832 ], [ 108.897568403937797, 34.372431285948331 ], [ 108.897561785273297, 34.372421464002308 ], [ 108.897551830107176, 34.372413818670772 ], [ 108.897539512920716, 34.372409098331367 ], [ 108.897526039404838, 34.372407765043157 ], [ 108.897512728439651, 34.372409949317429 ], [ 108.897500882993654, 34.372415437342305 ], [ 108.897491662580535, 34.372423691912168 ], [ 108.897438707229739, 34.372489268624271 ], [ 108.897595099306528, 34.372113326369821 ], [ 108.897597462822702, 34.372102247182148 ], [ 108.897595581683277, 34.372091104644461 ], [ 108.897589640028926, 34.372080989465964 ], [ 108.89758021947128, 34.37207289179036 ], [ 108.897568242160446, 34.372067604273873 ], [ 108.8975548805183, 34.372065644494839 ], [ 108.897541442473923, 34.372067204289699 ], [ 108.897529243435216, 34.372072130974914 ], [ 108.897519477527794, 34.372079942292658 ], [ 108.89751310070659, 34.372089873617391 ], [ 108.897378800070072, 34.372412711024602 ], [ 108.897369442880191, 34.37240715757077 ], [ 108.897352466245522, 34.3724010979181 ], [ 108.897320166258083, 34.37239589792145 ], [ 108.897311679295512, 34.372395239146783 ], [ 108.897264279315891, 34.372395439148512 ], [ 108.89725120815811, 34.372397169194386 ], [ 108.897162808193002, 34.372420769187713 ], [ 108.897152171866907, 34.372425007226873 ], [ 108.897143307041844, 34.372431465759512 ], [ 108.897117107041268, 34.37245656575228 ], [ 108.897110486730909, 34.372465093254988 ], [ 108.897107001025475, 34.372474814270703 ], [ 108.897102001011916, 34.372502714267704 ], [ 108.897101740604811, 34.37251153997282 ], [ 108.897104081333552, 34.372520152330857 ], [ 108.897117981318758, 34.372552252334259 ], [ 108.897123275287512, 34.372560728881759 ], [ 108.897131072346411, 34.372567751908456 ], [ 108.897173572348223, 34.37259705191844 ], [ 108.897183549694901, 34.372602211495085 ], [ 108.897228449707285, 34.37261891150284 ], [ 108.897231013015983, 34.372619784441959 ], [ 108.897286509903893, 34.372636987313037 ], [ 108.897286035991996, 34.372639199615421 ], [ 108.896317514032319, 34.372339760111608 ], [ 108.896341484997436, 34.372283597682738 ] ], [ [ 108.899250660566608, 34.371641988789541 ], [ 108.899256562551003, 34.371704506445589 ], [ 108.899258211045122, 34.37171189898983 ], [ 108.899291311000169, 34.371804698997295 ], [ 108.899293686093429, 34.371809861274187 ], [ 108.899352086051252, 34.371912361289539 ], [ 108.899356702407005, 34.371918685059264 ], [ 108.899435102385993, 34.372004685080007 ], [ 108.899441736701192, 34.372010488264195 ], [ 108.899596436706602, 34.372118688300752 ], [ 108.899606180581827, 34.372123834293383 ], [ 108.899785680629904, 34.372192734324919 ], [ 108.899795310020409, 34.37219534899549 ], [ 108.899984510093347, 34.372227049015521 ], [ 108.899994200486432, 34.372227749843262 ], [ 108.900198500574632, 34.372223449849244 ], [ 108.900208773205023, 34.372222202910329 ], [ 108.90037697327368, 34.372184302900479 ], [ 108.900386165776652, 34.372181261191507 ], [ 108.900525665820282, 34.372118961171466 ], [ 108.900533908928239, 34.372114181247852 ], [ 108.90069350894872, 34.37199658121137 ], [ 108.900700831849917, 34.371989590628303 ], [ 108.900818131823627, 34.371843090590623 ], [ 108.900823438320216, 34.37183381253832 ], [ 108.900862196176078, 34.371729762523991 ], [ 108.901660608441205, 34.371959196589913 ], [ 108.9016532529145, 34.371997181731011 ], [ 108.901610866833366, 34.372141430897308 ], [ 108.901535323711713, 34.3723095971311 ], [ 108.901422410610508, 34.372487686011745 ], [ 108.901303847214223, 34.372616470337711 ], [ 108.901264390406325, 34.372653061022724 ], [ 108.90113577176767, 34.372760979001697 ], [ 108.900981701020598, 34.372863985728607 ], [ 108.900807192430264, 34.37295686144337 ], [ 108.900629155502074, 34.373030015230988 ], [ 108.900557909161151, 34.373053413829766 ], [ 108.900394486072742, 34.373094416394288 ], [ 108.900227558192014, 34.373123180258723 ], [ 108.900071103096423, 34.373135252717248 ], [ 108.899932188467488, 34.373136228246537 ], [ 108.899774033744805, 34.373127316748118 ], [ 108.89958858215256, 34.37310469360478 ], [ 108.899436470656212, 34.373062063637413 ], [ 108.89922722070429, 34.372992052555027 ], [ 108.899075171219863, 34.372915301014594 ], [ 108.898906125503856, 34.37280985571519 ], [ 108.898759473669841, 34.372697474754055 ], [ 108.89861787070096, 34.372558999034254 ], [ 108.898492162092907, 34.372403304082468 ], [ 108.898393078308416, 34.372235638918163 ], [ 108.898320236319321, 34.372029431404528 ], [ 108.898300808565764, 34.371843102515079 ], [ 108.898293969710991, 34.371777742909899 ], [ 108.89829396959523, 34.371553442272791 ], [ 108.898332451189958, 34.371423241165836 ], [ 108.898348222151995, 34.371376647615882 ], [ 108.899250660566608, 34.371641988789541 ] ], [ [ 108.898333494615628, 34.371296006496479 ], [ 108.898333355764152, 34.371295965889622 ], [ 108.896934485989547, 34.370889071776062 ], [ 108.8969716238243, 34.37080132720466 ], [ 108.897788934093953, 34.371041101900438 ], [ 108.899217433983125, 34.371460201945709 ], [ 108.899287992697822, 34.371480885223093 ], [ 108.899261283860255, 34.371568801681121 ], [ 108.898333494615628, 34.371296006496479 ] ], [ [ 108.899432508443908, 34.371553855688845 ], [ 108.899350823165278, 34.371568504508012 ], [ 108.899366588701071, 34.371516609531135 ], [ 108.899432508443908, 34.371553855688845 ] ], [ [ 108.899364121965704, 34.37142818221426 ], [ 108.899363315623731, 34.371427843444039 ], [ 108.899362771437424, 34.371427449271188 ], [ 108.899360255225943, 34.371426557672322 ], [ 108.899354155379498, 34.371423994929934 ], [ 108.899288830661902, 34.371404845957692 ], [ 108.899395710254311, 34.371181566804957 ], [ 108.899398707351992, 34.371170223667121 ], [ 108.899397188842954, 34.371158679951485 ], [ 108.899391313061997, 34.371148139307614 ], [ 108.89938169267127, 34.371139700795453 ], [ 108.899369330777645, 34.37113424428793 ], [ 108.899220528362832, 34.371092393645696 ], [ 108.89925274741374, 34.371006189633256 ], [ 108.899567930344048, 34.370276323072353 ], [ 108.899570266929317, 34.370267667307992 ], [ 108.899579992045219, 34.370184420022909 ], [ 108.900222648910187, 34.370365030871739 ], [ 108.8997129824631, 34.371549844638388 ], [ 108.899555750379093, 34.371536456551041 ], [ 108.899364121965704, 34.37142818221426 ] ], [ [ 108.897857404806615, 34.370984898478362 ], [ 108.898018662679789, 34.370562510818026 ], [ 108.898420892642264, 34.370676334048504 ], [ 108.898423329932967, 34.370676693548724 ], [ 108.898425537637522, 34.370677413425931 ], [ 108.898618637710797, 34.37071281344754 ], [ 108.898629872871851, 34.37071362782762 ], [ 108.898640981381376, 34.370712012614774 ], [ 108.898709226569508, 34.370694260498873 ], [ 108.89879414875729, 34.370717283053651 ], [ 108.898738427427617, 34.370853552608885 ], [ 108.898736134257959, 34.370864641966563 ], [ 108.898738086028928, 34.370875776160432 ], [ 108.898744091689196, 34.370885865297986 ], [ 108.898753563364053, 34.370893921783697 ], [ 108.898765573900192, 34.370899156991939 ], [ 108.898778947621835, 34.370901058463438 ], [ 108.898792375414416, 34.370899440068506 ], [ 108.898804542870508, 34.370894460227007 ], [ 108.898814258953522, 34.370886606400965 ], [ 108.898820572585336, 34.370876647378239 ], [ 108.898876498788894, 34.370739876473792 ], [ 108.899002944182342, 34.37077498667832 ], [ 108.898947131933724, 34.370922002066941 ], [ 108.898945131352448, 34.37093299800685 ], [ 108.898947277838445, 34.370943975013304 ], [ 108.8989533661384, 34.370953883425059 ], [ 108.898962814068128, 34.370961775763391 ], [ 108.898974718182345, 34.370966897333574 ], [ 108.899157626255132, 34.371017727950452 ], [ 108.899125174378824, 34.371104554594467 ], [ 108.8991232320991, 34.371115499764969 ], [ 108.899125394157537, 34.371126416566391 ], [ 108.899131455938445, 34.371136271832512 ], [ 108.899140843755987, 34.371144132860479 ], [ 108.899152669147043, 34.371149255681864 ], [ 108.89929825520916, 34.371190201800268 ], [ 108.899206996255742, 34.371380847844591 ], [ 108.897857404806615, 34.370984898478362 ] ], [ [ 108.898648778494149, 34.370285964417818 ], [ 108.898869122922164, 34.370347672610734 ], [ 108.898857781021931, 34.370376417620655 ], [ 108.898855630982482, 34.370387593627036 ], [ 108.898857776239467, 34.370398770265318 ], [ 108.898864004326953, 34.370408840593612 ], [ 108.898873698412046, 34.370416807239316 ], [ 108.898885898386155, 34.370421881179787 ], [ 108.898912208414814, 34.370428794770568 ], [ 108.898822013958636, 34.370649168108926 ], [ 108.898722977374192, 34.370622319120628 ], [ 108.898709760395732, 34.370620539269602 ], [ 108.898696518595273, 34.370622187390616 ], [ 108.898626061585986, 34.370640514864178 ], [ 108.898493676582518, 34.37061624545067 ], [ 108.898648778494149, 34.370285964417818 ] ], [ [ 108.898409569184778, 34.370597134091213 ], [ 108.898004707491097, 34.370482566013642 ], [ 108.898004575592367, 34.370482547287878 ], [ 108.89800445518064, 34.370482495330577 ], [ 108.897754306174789, 34.370413126305706 ], [ 108.897708582621476, 34.370367743988247 ], [ 108.897700914803153, 34.370361781141995 ], [ 108.897691742024278, 34.370357523258185 ], [ 108.897618742045935, 34.370332723270117 ], [ 108.897601046919675, 34.37033005367676 ], [ 108.897525946952015, 34.370331853678856 ], [ 108.897506711912115, 34.370336104513257 ], [ 108.897423011938358, 34.3703733045013 ], [ 108.897414744269952, 34.370378080202947 ], [ 108.897356091763939, 34.370421157890007 ], [ 108.897155339117845, 34.370367242353929 ], [ 108.897381020977704, 34.369834110341735 ], [ 108.897470940593735, 34.369621596695154 ], [ 108.897522965986397, 34.36963305602589 ], [ 108.897536089359221, 34.369634223483359 ], [ 108.897549028475055, 34.369632063659196 ], [ 108.897560584894464, 34.369626776599247 ], [ 108.897666835520937, 34.369558830565836 ], [ 108.897808495935678, 34.369601311861068 ], [ 108.89803167191981, 34.369717272982669 ], [ 108.898040046038105, 34.369720646270459 ], [ 108.898191545308777, 34.369765746061702 ], [ 108.898713273634584, 34.369921067771358 ], [ 108.898596713963002, 34.370195476729705 ], [ 108.898541869365687, 34.370180127132734 ], [ 108.898528492614901, 34.3701782409467 ], [ 108.898515067643871, 34.370179874681888 ], [ 108.898502908580781, 34.370184868416956 ], [ 108.898493205638175, 34.370192733330761 ], [ 108.898486908607467, 34.370202699551449 ], [ 108.898484633886824, 34.370213791516491 ], [ 108.898486604143088, 34.370224923467447 ], [ 108.898492626515548, 34.370235005731345 ], [ 108.898502111493485, 34.370243051385501 ], [ 108.898514130621464, 34.370248272864551 ], [ 108.898566512241757, 34.37026293314311 ], [ 108.898409569184778, 34.370597134091213 ] ], [ [ 108.899404077155182, 34.370126827966196 ], [ 108.899495850526876, 34.370158719795505 ], [ 108.899484452737624, 34.370256284405045 ], [ 108.899185093686398, 34.370949506529875 ], [ 108.899042652693183, 34.370909921859742 ], [ 108.899098468004098, 34.370762897889634 ], [ 108.89910046854645, 34.370751900125406 ], [ 108.899098320689859, 34.370740921480781 ], [ 108.899092229888154, 34.370731012112969 ], [ 108.899082778755286, 34.370723119897605 ], [ 108.899070871335283, 34.370717999760345 ], [ 108.898904362622403, 34.37067176518876 ], [ 108.899008568485684, 34.370417156871447 ], [ 108.89901086729256, 34.370405922153033 ], [ 108.899008811590761, 34.370394655087935 ], [ 108.899002607794785, 34.370384487001786 ], [ 108.898992878828807, 34.370376438871261 ], [ 108.89898060157816, 34.370371318808189 ], [ 108.898953830884238, 34.370364284179978 ], [ 108.898964918965348, 34.370336182355615 ], [ 108.89896706865224, 34.370325141704896 ], [ 108.898965023960073, 34.370314087349968 ], [ 108.898958982641574, 34.370304088407508 ], [ 108.898949528981404, 34.370296111920119 ], [ 108.898937577285963, 34.370290929329393 ], [ 108.898678901018712, 34.370218486258409 ], [ 108.89879490817647, 34.3699453774449 ], [ 108.899404077155182, 34.370126827966196 ] ], [ [ 108.898783161814336, 34.369865456029494 ], [ 108.898261137395536, 34.36971004643889 ], [ 108.898405796208863, 34.369361557433074 ], [ 108.899166188541301, 34.369573389034713 ], [ 108.899178344955573, 34.369575235204508 ], [ 108.899190635769997, 34.369574163214395 ], [ 108.899202062893949, 34.369570260116511 ], [ 108.899211698373946, 34.369563842866611 ], [ 108.899218759749616, 34.36955543258518 ], [ 108.899242071105178, 34.369516923129268 ], [ 108.899442522400733, 34.369579264802844 ], [ 108.899374398804767, 34.369747024105934 ], [ 108.899372133878813, 34.369758106619535 ], [ 108.899374105870393, 34.369769227567538 ], [ 108.899380122115303, 34.369779300421015 ], [ 108.899389594820931, 34.369787341050625 ], [ 108.899401598493725, 34.369792563877347 ], [ 108.899481334674476, 34.369814937829751 ], [ 108.899392143176371, 34.370046850849313 ], [ 108.898783161814336, 34.369865456029494 ] ], [ [ 108.899275061381232, 34.369450368058736 ], [ 108.899296476376506, 34.369396653525179 ], [ 108.899491479534348, 34.369453888047339 ], [ 108.899493185843681, 34.369454388857058 ], [ 108.899470202049102, 34.369511058069953 ], [ 108.899275061381232, 34.369450368058736 ] ], [ [ 108.899158127606114, 34.36949527021762 ], [ 108.898392611711856, 34.369282011078539 ], [ 108.898392457921489, 34.369281968499813 ], [ 108.898175804819459, 34.36922235826767 ], [ 108.898112575577855, 34.369151424650759 ], [ 108.89810381641044, 34.369144090414053 ], [ 108.898098106236162, 34.369141489923237 ], [ 108.898139732407373, 34.369057506230881 ], [ 108.89903343979033, 34.369319523907841 ], [ 108.89921468776032, 34.369372661331496 ], [ 108.899180618209243, 34.3694581166353 ], [ 108.899158127606114, 34.36949527021762 ] ], [ [ 108.900598838501267, 34.369702370853922 ], [ 108.900655417747998, 34.36956233496786 ], [ 108.900675488093341, 34.369512766389249 ], [ 108.900699545114534, 34.369520773369942 ], [ 108.900702089886465, 34.369521544730567 ], [ 108.901061223588997, 34.369619971765964 ], [ 108.90111527774441, 34.36963543230609 ], [ 108.901095669183889, 34.36968954190673 ], [ 108.90104331564082, 34.369833733842647 ], [ 108.900598838501267, 34.369702370853922 ] ], [ [ 108.89066342676648, 34.371709152002914 ], [ 108.890671821636076, 34.371701402530725 ], [ 108.890677185653217, 34.371691983101059 ], [ 108.890772484294729, 34.371432686460388 ], [ 108.890898779070213, 34.371089300219616 ], [ 108.890937475283152, 34.3709843103587 ], [ 108.890939296347156, 34.370975880024417 ], [ 108.890938661628823, 34.370967331710922 ], [ 108.890928319929387, 34.370920434485946 ], [ 108.890961090915255, 34.370928406681116 ], [ 108.891133157615442, 34.370970215065803 ], [ 108.890800549764052, 34.371917469721623 ], [ 108.890579957796618, 34.371869705706843 ], [ 108.890579907359438, 34.371869694812638 ], [ 108.89052888421655, 34.371858701179349 ], [ 108.890564013321026, 34.371777687743787 ], [ 108.89066342676648, 34.371709152002914 ] ], [ [ 108.890942430185888, 34.370787581677739 ], [ 108.890939877863232, 34.370776856476205 ], [ 108.890933557121144, 34.370767262740891 ], [ 108.890929263805049, 34.370763840894377 ], [ 108.891180670281486, 34.370834941320361 ], [ 108.89115740915733, 34.370901161197573 ], [ 108.890985502333379, 34.370859391677122 ], [ 108.890925900876141, 34.37084489243351 ], [ 108.890940978218779, 34.370798447193273 ], [ 108.890942430185888, 34.370787581677739 ] ], [ [ 108.890879691184139, 34.370673830754427 ], [ 108.890998832651377, 34.370362889036592 ], [ 108.891000759044601, 34.370354554896075 ], [ 108.891000276636973, 34.370346078491259 ], [ 108.890988176606029, 34.370285978492809 ], [ 108.890984311937316, 34.370276021452348 ], [ 108.890977155102703, 34.37026740782624 ], [ 108.890920955096348, 34.370217307840562 ], [ 108.890912143667109, 34.370211283518088 ], [ 108.890901741225392, 34.370207375341451 ], [ 108.89069694129644, 34.370156075369209 ], [ 108.890683498458031, 34.370154546697876 ], [ 108.890670143869002, 34.370156537384794 ], [ 108.890658184767943, 34.370161852567733 ], [ 108.890648791794007, 34.370169971960038 ], [ 108.890642884396811, 34.370180100779699 ], [ 108.890641040834396, 34.370191247547879 ], [ 108.890643441568983, 34.370202321141605 ], [ 108.890649851601651, 34.370212237600228 ], [ 108.89065964347472, 34.370220026231237 ], [ 108.890671858691604, 34.370224924628488 ], [ 108.890865432234591, 34.370273412552201 ], [ 108.89090476925476, 34.370308479910193 ], [ 108.890913002067251, 34.37034937191855 ], [ 108.890797579632562, 34.370650606730848 ], [ 108.88980249723609, 34.370369136222244 ], [ 108.889888049363734, 34.370318337854904 ], [ 108.889897835884184, 34.370310294334992 ], [ 108.889904085466227, 34.370300111208415 ], [ 108.890017585346783, 34.370007511158704 ], [ 108.890115281711587, 34.369755677993403 ], [ 108.890241199016785, 34.369447589918472 ], [ 108.890909914352122, 34.369633495886788 ], [ 108.89092325348426, 34.369635359178076 ], [ 108.890936636057859, 34.369633724033314 ], [ 108.890948760093281, 34.369628749534208 ], [ 108.890958446053389, 34.369620919645577 ], [ 108.890964751600023, 34.369610996130561 ], [ 108.891133485723657, 34.369200277270643 ], [ 108.892683049115575, 34.369656523407841 ], [ 108.89255054653303, 34.370020904858251 ], [ 108.892438486242426, 34.370274111041304 ], [ 108.892437859333739, 34.370275732284327 ], [ 108.8924377548976, 34.370275908829996 ], [ 108.892437725843592, 34.370276077502147 ], [ 108.892437389201916, 34.370276948088154 ], [ 108.89232339213703, 34.370620034915632 ], [ 108.892180296362355, 34.370956748064778 ], [ 108.892138087664918, 34.371056133020993 ], [ 108.891557321925191, 34.370894498589415 ], [ 108.891251859281113, 34.37077926717128 ], [ 108.891249794378226, 34.370778793527478 ], [ 108.891247899776133, 34.370777964091381 ], [ 108.890879691184139, 34.370673830754427 ] ], [ [ 108.893965832481186, 34.370520565446121 ], [ 108.893443675649081, 34.370387322361942 ], [ 108.893421499920976, 34.370247220331684 ], [ 108.8934182847469, 34.370237585429685 ], [ 108.89341199500987, 34.370229056757807 ], [ 108.893403116781144, 34.370222293411267 ], [ 108.893392336170152, 34.370217818060873 ], [ 108.893019036293893, 34.370113618114956 ], [ 108.892645350126458, 34.370009329491864 ], [ 108.892765080120142, 34.369680071587311 ], [ 108.894151619786513, 34.370068721492636 ], [ 108.893965832481186, 34.370520565446121 ] ], [ [ 108.89516173810776, 34.370371484066425 ], [ 108.895161106606139, 34.370382846613673 ], [ 108.895167006583591, 34.370426046613773 ], [ 108.895170709722947, 34.370437046287577 ], [ 108.895192709706464, 34.370476646293326 ], [ 108.895200479875527, 34.370486212254974 ], [ 108.895236479871613, 34.370518012264107 ], [ 108.895247252931128, 34.370524934049683 ], [ 108.895261220123061, 34.370531282777421 ], [ 108.895073967600254, 34.370974715604248 ], [ 108.895073961088528, 34.370974731037677 ], [ 108.895073961086297, 34.370974731041052 ], [ 108.895073961085515, 34.370974731044818 ], [ 108.894946967437406, 34.371275715652651 ], [ 108.894895093899095, 34.371398454176834 ], [ 108.893821438231512, 34.371094868198874 ], [ 108.893912750581947, 34.370872700462755 ], [ 108.894034349849491, 34.370576801906864 ], [ 108.894233680039676, 34.370092020114086 ], [ 108.89516468517651, 34.370359723362959 ], [ 108.89516173810776, 34.370371484066425 ] ], [ [ 108.89537359262637, 34.370557992759394 ], [ 108.895427092649356, 34.370551592758673 ], [ 108.895440495038812, 34.370548081325808 ], [ 108.895472006947472, 34.370534847637913 ], [ 108.896823907190992, 34.370932978751085 ], [ 108.896695288331912, 34.371235380008883 ], [ 108.895819648524906, 34.370992693551983 ], [ 108.895805437081293, 34.37099084078244 ], [ 108.895791276573789, 34.370992944678008 ], [ 108.895778725110404, 34.370998773742848 ], [ 108.895630087850932, 34.371097865263202 ], [ 108.895170171453046, 34.370964528222537 ], [ 108.895342991176378, 34.370555272606943 ], [ 108.895359647088682, 34.370557781970334 ], [ 108.89537359262637, 34.370557992759394 ] ], [ [ 108.895571992040814, 34.370431818050868 ], [ 108.895578769265668, 34.370394235156816 ], [ 108.896505783437107, 34.370665116279206 ], [ 108.896889836000696, 34.370777376505856 ], [ 108.896852693413891, 34.370865132111163 ], [ 108.895545165418838, 34.370480068938264 ], [ 108.895567848809733, 34.37044265100976 ], [ 108.895571992040814, 34.370431818050868 ] ], [ [ 108.895504595285416, 34.370252290685166 ], [ 108.895494712062501, 34.37024587457087 ], [ 108.895484230813139, 34.370240909771702 ], [ 108.895724076517666, 34.369670965515979 ], [ 108.895770511571456, 34.369727566818071 ], [ 108.895778631418935, 34.369818134871871 ], [ 108.895778631347596, 34.369956088137776 ], [ 108.89576627624831, 34.370039055230961 ], [ 108.895740127730917, 34.370053698396021 ], [ 108.895730619336689, 34.370060947756052 ], [ 108.895724107498665, 34.370070197642484 ], [ 108.895721169858589, 34.370080627532445 ], [ 108.895716569834519, 34.370128227528639 ], [ 108.895717234194166, 34.370137987833537 ], [ 108.895721044121743, 34.370147239135463 ], [ 108.895757444097981, 34.370207339145104 ], [ 108.895763212255915, 34.370214545393978 ], [ 108.895770888607885, 34.370220401216933 ], [ 108.895825588614144, 34.370253001229031 ], [ 108.895831933979736, 34.370256140194549 ], [ 108.895900133997117, 34.370283640206885 ], [ 108.895913513805354, 34.370286961705574 ], [ 108.895927472962654, 34.370286584703116 ], [ 108.895965472978716, 34.3702803847019 ], [ 108.895976308778529, 34.37027734153839 ], [ 108.895985807890568, 34.370272054773544 ], [ 108.895993309297168, 34.370264892299204 ], [ 108.896021779308768, 34.370229080438008 ], [ 108.89610650111463, 34.370194125284755 ], [ 108.896227732597552, 34.370172731495558 ], [ 108.89633453037105, 34.370157757995152 ], [ 108.896342278263958, 34.370156048471891 ], [ 108.896412078290552, 34.370134748465553 ], [ 108.896427649526203, 34.370126524973102 ], [ 108.896441536052478, 34.370115097519225 ], [ 108.896450015815248, 34.37011595039872 ], [ 108.896448162115391, 34.370119581508973 ], [ 108.896444752072142, 34.370132485105003 ], [ 108.896443444823873, 34.3701674317334 ], [ 108.896426772237618, 34.370209742303409 ], [ 108.896363835749696, 34.370272125882053 ], [ 108.896355817003567, 34.37028418162123 ], [ 108.89633151697808, 34.370346781610593 ], [ 108.896329436030001, 34.370357258549873 ], [ 108.896327935987316, 34.370439858545531 ], [ 108.896329236804007, 34.370449157793729 ], [ 108.896355036761605, 34.370534357798995 ], [ 108.896362053282232, 34.37054678255074 ], [ 108.896362215033022, 34.370546907248603 ], [ 108.895558848514753, 34.370312156188078 ], [ 108.895558848514753, 34.370312156188078 ], [ 108.895544924549412, 34.370289545726834 ], [ 108.895537695288624, 34.370281090676777 ], [ 108.895504595285416, 34.370252290685166 ] ], [ [ 108.896455856666805, 34.370039086149291 ], [ 108.896461310253997, 34.370044636630297 ], [ 108.896436997857435, 34.370042191333063 ], [ 108.896455856666805, 34.370039086149291 ] ], [ [ 108.89637325594515, 34.370069956995238 ], [ 108.896316099996554, 34.370087398566788 ], [ 108.896212369679134, 34.370101942002421 ], [ 108.896210572374486, 34.37010222645192 ], [ 108.896083072428155, 34.370124726447102 ], [ 108.896072780262287, 34.370127704084027 ], [ 108.895972680295344, 34.370169004070846 ], [ 108.895963245753435, 34.370174279238519 ], [ 108.89595579072882, 34.370181407702745 ], [ 108.895930893893208, 34.370212724916804 ], [ 108.895924991704106, 34.370213687905668 ], [ 108.89587320051065, 34.370192804361054 ], [ 108.895830170238398, 34.370167159271283 ], [ 108.895803998927207, 34.370123947883876 ], [ 108.895805963520246, 34.370103618512111 ], [ 108.895831172296099, 34.370089501592929 ], [ 108.895840288344118, 34.370082650436416 ], [ 108.895846717316175, 34.370073952242272 ], [ 108.895849941812799, 34.370064107036399 ], [ 108.895865041762804, 34.369962707026524 ], [ 108.895865368655777, 34.369958299995524 ], [ 108.895865368582449, 34.36981679998901 ], [ 108.89586524923169, 34.36981413391004 ], [ 108.895856149178712, 34.369712633908591 ], [ 108.895853846502533, 34.369703450443922 ], [ 108.895848758094857, 34.36969507314604 ], [ 108.895759644742952, 34.369586449854637 ], [ 108.895940443785946, 34.369156955371508 ], [ 108.895955874811094, 34.369120326686335 ], [ 108.896052047688968, 34.369142909048996 ], [ 108.89605537527315, 34.36915169018512 ], [ 108.896048522791759, 34.369170080579565 ], [ 108.896022444252168, 34.369216792650455 ], [ 108.896019206727004, 34.369225131853682 ], [ 108.89600943597128, 34.369267410829941 ], [ 108.895988731480841, 34.369306265918119 ], [ 108.895985355956398, 34.369316410490065 ], [ 108.895985666588459, 34.369326930966459 ], [ 108.895989636776889, 34.369336926406689 ], [ 108.896035136747088, 34.369412126418744 ], [ 108.896036994401058, 34.369414886829269 ], [ 108.896101822031525, 34.369501986585789 ], [ 108.896109050616289, 34.369512449018345 ], [ 108.896140352456186, 34.369557939915303 ], [ 108.896143041421951, 34.369598917740745 ], [ 108.896095964933252, 34.369624601819439 ], [ 108.896005624915048, 34.369655803206996 ], [ 108.895990476801273, 34.369664568591197 ], [ 108.895954076801942, 34.36969716858161 ], [ 108.895946767846397, 34.369706098038449 ], [ 108.895942983109052, 34.369716423593566 ], [ 108.895926283062749, 34.369811623583473 ], [ 108.895927105646479, 34.36982545313878 ], [ 108.895934168816282, 34.369837999847377 ], [ 108.896002468796013, 34.369915599865521 ], [ 108.896017774014211, 34.369926426067863 ], [ 108.896130231459622, 34.369974051761787 ], [ 108.896195332883991, 34.370026655220329 ], [ 108.896208626327137, 34.370033992612832 ], [ 108.896272426345519, 34.37005649262349 ], [ 108.896283192521665, 34.370058991013245 ], [ 108.896294371207176, 34.370059124254887 ], [ 108.896326749732836, 34.370056026310763 ], [ 108.896386828298532, 34.370050328345926 ], [ 108.896390346796707, 34.370049872616264 ], [ 108.896401525998058, 34.370048031917968 ], [ 108.896395350490394, 34.370051775027974 ], [ 108.89637325594515, 34.370069956995238 ] ], [ [ 108.896127773719485, 34.369102819705383 ], [ 108.896121325148059, 34.369092280529436 ], [ 108.896111104669956, 34.369084043852375 ], [ 108.896098216095197, 34.369078999232947 ], [ 108.895984516533247, 34.369052301453067 ], [ 108.896216864401808, 34.368500186201054 ], [ 108.896453481636357, 34.368568553249382 ], [ 108.896675995839772, 34.368632844931213 ], [ 108.896617617831666, 34.368768769695222 ], [ 108.896543779199419, 34.368749239431466 ], [ 108.896542220441674, 34.368748853693802 ], [ 108.896439020478567, 34.368725053707067 ], [ 108.896423815543059, 34.368723861744762 ], [ 108.896409055153839, 34.368727114462672 ], [ 108.896337755178351, 34.368754714453956 ], [ 108.896328144130891, 34.368759807440249 ], [ 108.896320466816007, 34.368766802112795 ], [ 108.896315254280807, 34.368775214643733 ], [ 108.896283454252071, 34.368849114630351 ], [ 108.896281185110382, 34.368865080423376 ], [ 108.896294238405204, 34.368964804155887 ], [ 108.896283375318689, 34.369036805528076 ], [ 108.896254864515583, 34.369101692115002 ], [ 108.89622641110914, 34.369137777717654 ], [ 108.896174925811692, 34.369142162452178 ], [ 108.896142759282739, 34.369143959473703 ], [ 108.896142173737672, 34.369140819702054 ], [ 108.896127773719485, 34.369102819705383 ] ], [ [ 108.891065375775199, 34.369143024588702 ], [ 108.890896565511468, 34.369553928255527 ], [ 108.890268108068085, 34.369379214106488 ], [ 108.890623206048076, 34.36844042673259 ], [ 108.891266048581059, 34.368611904610113 ], [ 108.891065375775199, 34.369143024588702 ] ], [ [ 108.889799496341439, 34.368223602199343 ], [ 108.890456378892338, 34.3683956494854 ], [ 108.890540666720199, 34.368418319097593 ], [ 108.890185844667556, 34.369356374658011 ], [ 108.889454303258546, 34.369153528388885 ], [ 108.889799496341439, 34.368223602199343 ] ], [ [ 108.889424665195833, 34.369221146935679 ], [ 108.890158950278206, 34.369424754058642 ], [ 108.890046544222699, 34.369699782992789 ], [ 108.889279518754165, 34.369504813141347 ], [ 108.889424665195833, 34.369221146935679 ] ], [ [ 108.890876289162051, 34.367197390175967 ], [ 108.890441544727082, 34.368316339744489 ], [ 108.889784064433343, 34.36814413570729 ], [ 108.889586489829938, 34.36809149333979 ], [ 108.890012012160369, 34.366968546517889 ], [ 108.890876289162051, 34.367197390175967 ] ], [ [ 108.88821954962404, 34.369252900244611 ], [ 108.888129017323735, 34.369484271379605 ], [ 108.887975192843996, 34.36984611451237 ], [ 108.886969861249568, 34.369540815847635 ], [ 108.886920033022676, 34.36872486136199 ], [ 108.886929510474133, 34.368593057854774 ], [ 108.888337936109963, 34.368950387420277 ], [ 108.88821954962404, 34.369252900244611 ] ], [ [ 108.888056872600046, 34.36987031484594 ], [ 108.888196814336965, 34.369541127690404 ], [ 108.889002729924812, 34.369764629905113 ], [ 108.888866983351903, 34.37010432865155 ], [ 108.888056872600046, 34.36987031484594 ] ], [ [ 108.888948990118337, 34.370127770980488 ], [ 108.889084991448058, 34.369787433919335 ], [ 108.889921884723051, 34.370019337561736 ], [ 108.88982590165746, 34.370266778982788 ], [ 108.889701586372382, 34.370340593704242 ], [ 108.888948990118337, 34.370127770980488 ] ], [ [ 108.888364611598277, 34.368881942081792 ], [ 108.886934328553366, 34.368519067115464 ], [ 108.886985133765407, 34.367578838333941 ], [ 108.887967682535589, 34.367857130640125 ], [ 108.887968177408851, 34.36785726805163 ], [ 108.888686409449136, 34.368052719679092 ], [ 108.888364611598277, 34.368881942081792 ] ], [ [ 108.888651000944037, 34.367133584653246 ], [ 108.888651001458726, 34.367133584713436 ], [ 108.888651032470364, 34.367133592648599 ], [ 108.889022014893811, 34.367227548657723 ], [ 108.888743148397637, 34.367906506153702 ], [ 108.888743086141744, 34.367906808581722 ], [ 108.888742916761416, 34.367907086215773 ], [ 108.888712976435997, 34.367984253373784 ], [ 108.888035811790459, 34.367799977568374 ], [ 108.888318501394451, 34.367047635329733 ], [ 108.88865079383865, 34.367133531588216 ], [ 108.88865100046435, 34.36713358445899 ], [ 108.888651000944037, 34.367133584653246 ] ], [ [ 108.888782182570878, 34.368040715660676 ], [ 108.88881225648629, 34.367963204081931 ], [ 108.889519011856123, 34.368149057964111 ], [ 108.889716849478305, 34.368201770508712 ], [ 108.889371606771675, 34.3691318280082 ], [ 108.888447646972764, 34.368902763788753 ], [ 108.888782182570878, 34.368040715660676 ] ], [ [ 108.888787018348992, 34.366642488337135 ], [ 108.888634996843308, 34.367054112633049 ], [ 108.888303097285743, 34.366968317836296 ], [ 108.887036300896199, 34.366630180525796 ], [ 108.887061165646358, 34.366168672831563 ], [ 108.888787018348992, 34.366642488337135 ] ], [ [ 108.887953551054935, 34.367777126552127 ], [ 108.886989175869459, 34.367503981432655 ], [ 108.887032285301558, 34.366704664947925 ], [ 108.888235816329924, 34.36702591549448 ], [ 108.887953551054935, 34.367777126552127 ] ], [ [ 108.888869110850194, 34.366665820328699 ], [ 108.88921115650065, 34.366766156952743 ], [ 108.889049966463276, 34.36715942598444 ], [ 108.888717874548945, 34.367075319592345 ], [ 108.888869110850194, 34.366665820328699 ] ], [ [ 108.889118551331421, 34.367215593707733 ], [ 108.889293586800321, 34.366788544046464 ], [ 108.889929170847083, 34.366947240838243 ], [ 108.889503861768858, 34.368069622074835 ], [ 108.888839532323473, 34.367894924781858 ], [ 108.889118551331421, 34.367215593707733 ] ], [ [ 108.88831535784945, 34.369241095258737 ], [ 108.888420972165449, 34.368971218348193 ], [ 108.889341549872213, 34.369199444212995 ], [ 108.889196486886675, 34.369482946764244 ], [ 108.88831535784945, 34.369241095258737 ] ], [ [ 108.890019350407343, 34.36976809615382 ], [ 108.889948446341677, 34.369950866021874 ], [ 108.88907125046893, 34.369707794417288 ], [ 108.888224615095055, 34.369472999761712 ], [ 108.888288587323899, 34.369309507143591 ], [ 108.889207171918784, 34.369561639340731 ], [ 108.889208089261331, 34.369561881792755 ], [ 108.890019350407343, 34.36976809615382 ] ], [ [ 108.889654592323339, 34.370403294071323 ], [ 108.889647146515898, 34.370422867733843 ], [ 108.889551466839535, 34.370401336614684 ], [ 108.889518475606863, 34.370364802714619 ], [ 108.889654592323339, 34.370403294071323 ] ], [ [ 108.889478119351665, 34.370663466587636 ], [ 108.889392846316724, 34.370686211837565 ], [ 108.889381964509909, 34.370683289038048 ], [ 108.889381921462117, 34.370683277496198 ], [ 108.889340821476011, 34.370672277502003 ], [ 108.889338837618553, 34.370671789556582 ], [ 108.889250636612587, 34.370651981290543 ], [ 108.889110619544212, 34.37061266207467 ], [ 108.889063493382409, 34.37057054200104 ], [ 108.889053335714962, 34.370563833613112 ], [ 108.888985035728808, 34.370531233626664 ], [ 108.888966206512194, 34.370526514371264 ], [ 108.888850906560748, 34.37052031437829 ], [ 108.888838042065402, 34.37052121945694 ], [ 108.888826068939906, 34.370525224636886 ], [ 108.888754056098378, 34.37056044067684 ], [ 108.888642847073882, 34.370561397320202 ], [ 108.888598548926183, 34.370528875621581 ], [ 108.888598488908428, 34.370528831641124 ], [ 108.888545988908959, 34.370490431653728 ], [ 108.888537699080047, 34.370485665439062 ], [ 108.888432613640148, 34.370439221003217 ], [ 108.888375069185784, 34.370404713299045 ], [ 108.888308999868258, 34.37036139241102 ], [ 108.888298764735197, 34.370356399908246 ], [ 108.888287280217526, 34.370353896477212 ], [ 108.888275407330084, 34.370354069804463 ], [ 108.888104233524288, 34.370376239028388 ], [ 108.887989490343756, 34.370376239038464 ], [ 108.887937702848248, 34.370341369855822 ], [ 108.887881585315782, 34.370296339684693 ], [ 108.887810508461925, 34.370237624044066 ], [ 108.887808138059285, 34.370235806538901 ], [ 108.887764138060433, 34.370204506549364 ], [ 108.887751531712581, 34.370198256249616 ], [ 108.887750384100954, 34.370197888539714 ], [ 108.887806102874947, 34.370045511271591 ], [ 108.88785238976925, 34.370006512642647 ], [ 108.888719170993696, 34.370232899785854 ], [ 108.888719834515229, 34.370233068256177 ], [ 108.889454883865923, 34.370414376585643 ], [ 108.889490984927889, 34.370454354286913 ], [ 108.889501336286187, 34.370462550026517 ], [ 108.889514341120247, 34.370467505664678 ], [ 108.889629744811145, 34.370493475360504 ], [ 108.889616218978716, 34.370631031080606 ], [ 108.889610321094267, 34.370630448131656 ], [ 108.889598276559511, 34.370632098709358 ], [ 108.889478376607101, 34.370663398700586 ], [ 108.889478119351665, 34.370663466587636 ] ], [ [ 108.887528877118314, 34.370505333335714 ], [ 108.886970717195211, 34.370379239775538 ], [ 108.886935077386696, 34.369935860837813 ], [ 108.886948048538116, 34.369793627791374 ], [ 108.8870073980858, 34.369743560734328 ], [ 108.887043961334399, 34.369740047328229 ], [ 108.887784317624465, 34.36994656885534 ], [ 108.887789356350211, 34.36995708638203 ], [ 108.887736790227208, 34.370001375493885 ], [ 108.887730411678376, 34.370008237564733 ], [ 108.887726197505742, 34.370016165471817 ], [ 108.887655989707937, 34.370208166122787 ], [ 108.887528877118314, 34.370505333335714 ] ], [ [ 108.887670276629862, 34.370974219857949 ], [ 108.887613362538033, 34.370959061824749 ], [ 108.887611594844799, 34.370958625190255 ], [ 108.887509822298227, 34.370935428393615 ], [ 108.887416824950378, 34.370870132399567 ], [ 108.88736578323757, 34.370817947984378 ], [ 108.887358350708396, 34.37081197494642 ], [ 108.887288250714661, 34.370767774962324 ], [ 108.887278518580771, 34.370763149742459 ], [ 108.887267681355084, 34.370760748964571 ], [ 108.887123481413681, 34.370744948976622 ], [ 108.887115582174886, 34.37074468611879 ], [ 108.887000437419303, 34.370749575052763 ], [ 108.886976812817792, 34.370455160221539 ], [ 108.887541731111639, 34.370582780445503 ], [ 108.887659548300888, 34.370626075875521 ], [ 108.887753660023591, 34.370671487009602 ], [ 108.887754924750752, 34.370732195447971 ], [ 108.887670276629862, 34.370974219857949 ] ], [ [ 108.887936445962112, 34.371149858336885 ], [ 108.887937811375096, 34.37115980033024 ], [ 108.887942427750417, 34.371169045475249 ], [ 108.887983327730439, 34.37122664548621 ], [ 108.887989513496763, 34.371233389605258 ], [ 108.888065893410996, 34.371298927277664 ], [ 108.888123363733484, 34.37136836696078 ], [ 108.88813699692642, 34.371449179750556 ], [ 108.888145999969638, 34.371533472390553 ], [ 108.88815142643746, 34.371547968398581 ], [ 108.888183733118609, 34.371595456478857 ], [ 108.888215630797987, 34.371690509881894 ], [ 108.888215630793269, 34.371699499992047 ], [ 108.888215630769324, 34.3717457368341 ], [ 108.888214602667389, 34.371758900935127 ], [ 108.888187477994663, 34.371752437763249 ], [ 108.888177036530166, 34.371751061605181 ], [ 108.888166503752103, 34.371751821214197 ], [ 108.888066403794227, 34.371769421210423 ], [ 108.888055333167642, 34.371772720015308 ], [ 108.888045738954744, 34.371778364385946 ], [ 108.888038327048235, 34.371785939038723 ], [ 108.887994327034932, 34.371846039023943 ], [ 108.887989080147804, 34.371856837000685 ], [ 108.887950637087016, 34.371999093057667 ], [ 108.887747900938507, 34.372013326164264 ], [ 108.887935586581733, 34.371487403795165 ], [ 108.887937359036769, 34.371476426266661 ], [ 108.887935018653252, 34.371465522131615 ], [ 108.887909718624627, 34.371404422137715 ], [ 108.887902824831556, 34.371393906796527 ], [ 108.887845124817773, 34.371332906811723 ], [ 108.887836766348698, 34.371326173826226 ], [ 108.887826547557736, 34.371321529302797 ], [ 108.887658047047395, 34.371267874588277 ], [ 108.887737375065001, 34.371040910270544 ], [ 108.887938454316924, 34.371086284623566 ], [ 108.887936445962112, 34.371149858336885 ] ], [ [ 108.888173916411219, 34.371824038981714 ], [ 108.888232240102965, 34.371837936137823 ], [ 108.888288253819312, 34.371881990892319 ], [ 108.888290991400339, 34.371883970176548 ], [ 108.888353191404192, 34.371925270190957 ], [ 108.888369225558861, 34.37193196880623 ], [ 108.888469260747286, 34.371953875742989 ], [ 108.888546830170824, 34.371981745002131 ], [ 108.888619537286203, 34.372019183750197 ], [ 108.888633078558229, 34.372031328222022 ], [ 108.888588633081156, 34.372142475629467 ], [ 108.888037195226673, 34.372007720540672 ], [ 108.888072164433282, 34.371878318781746 ], [ 108.888102741515922, 34.371836553248933 ], [ 108.888173916411219, 34.371824038981714 ] ], [ [ 108.888671879138556, 34.372162823183601 ], [ 108.888711310997337, 34.372064213404293 ], [ 108.888802769302984, 34.372079936902011 ], [ 108.888767652959856, 34.372186238080978 ], [ 108.888671879138556, 34.372162823183601 ] ], [ [ 108.889100681949401, 34.372081530706254 ], [ 108.88910845886609, 34.372083086699583 ], [ 108.889170658891118, 34.372090586705049 ], [ 108.889185184262516, 34.372090298855142 ], [ 108.889198779835411, 34.372086049179174 ], [ 108.88921733842993, 34.372077057616231 ], [ 108.889273969163028, 34.372138366240989 ], [ 108.889284194822807, 34.372146339128612 ], [ 108.889350894832319, 34.372183539142931 ], [ 108.889362204250901, 34.372188034491167 ], [ 108.889378389138059, 34.372192213954769 ], [ 108.889328697022606, 34.372323321992837 ], [ 108.888850868405058, 34.372206576399826 ], [ 108.888892917249692, 34.372079289339759 ], [ 108.888943103038656, 34.372062737295543 ], [ 108.889012655130543, 34.372056600349993 ], [ 108.889100681949401, 34.372081530706254 ] ], [ [ 108.889307153449053, 34.371899632609811 ], [ 108.889312005364971, 34.371866653539641 ], [ 108.889347842665799, 34.371841277213754 ], [ 108.889400182889062, 34.371820831812833 ], [ 108.88941275834641, 34.371813399362466 ], [ 108.889464358349045, 34.371769499349327 ], [ 108.889472923664556, 34.371759019498541 ], [ 108.889476578328413, 34.371746727820948 ], [ 108.889481178298595, 34.371687927816616 ], [ 108.889481251821024, 34.371686619593625 ], [ 108.889483184597609, 34.371630117297798 ], [ 108.889570200842186, 34.371653488213511 ], [ 108.889564902406548, 34.371671255587977 ], [ 108.889524725008485, 34.371805576844672 ], [ 108.889415321774607, 34.372094528552047 ], [ 108.889404349635768, 34.372123588612673 ], [ 108.889394046553505, 34.372120928023485 ], [ 108.889338506378706, 34.372089952101646 ], [ 108.889276278168865, 34.372022583682259 ], [ 108.889297438347185, 34.371962358461168 ], [ 108.88929885667865, 34.371956610629532 ], [ 108.889307153449053, 34.371899632609811 ] ], [ [ 108.889513878514819, 34.371469535252722 ], [ 108.889514661535813, 34.371463373482953 ], [ 108.889516161501575, 34.371396973479357 ], [ 108.889516001165177, 34.371393138339954 ], [ 108.889508401127912, 34.371321738339347 ], [ 108.8895074741435, 34.37131687046201 ], [ 108.889503383458162, 34.371302062889093 ], [ 108.889666388636968, 34.371343679986161 ], [ 108.889653632312545, 34.371374841126951 ], [ 108.889652604756648, 34.371377748211842 ], [ 108.889591099070714, 34.371583500162949 ], [ 108.889493768381897, 34.371557358982407 ], [ 108.88949873542353, 34.371534391657278 ], [ 108.889513878514819, 34.371469535252722 ] ], [ [ 108.889488898902158, 34.371218877847163 ], [ 108.88950245918204, 34.371222623990178 ], [ 108.88964655923958, 34.371241424003408 ], [ 108.889658239328881, 34.371241627041755 ], [ 108.889669560998527, 34.371239237567423 ], [ 108.88975156102866, 34.371211737558987 ], [ 108.889765546096797, 34.371204172187987 ], [ 108.889829246101968, 34.371152772172401 ], [ 108.889836837525664, 34.371144573906577 ], [ 108.88984130307044, 34.371134923805073 ], [ 108.889858003042534, 34.37107362379669 ], [ 108.889858945686996, 34.371062990632062 ], [ 108.889856086929257, 34.371052595628221 ], [ 108.889849678062419, 34.371043352531416 ], [ 108.88978137804672, 34.370971952549361 ], [ 108.889774976675241, 34.370966545198861 ], [ 108.88969607667903, 34.370912645217352 ], [ 108.889684214075828, 34.370906882599812 ], [ 108.889614414097252, 34.370884382610875 ], [ 108.889603590528452, 34.370882168345467 ], [ 108.889592443810699, 34.370882315105739 ], [ 108.88952930445582, 34.370889947340494 ], [ 108.889471464386602, 34.370875212421403 ], [ 108.889465574064175, 34.370869658690523 ], [ 108.889441561233483, 34.370846993959674 ], [ 108.889408705203522, 34.370784367425919 ], [ 108.889409557969088, 34.370757305892432 ], [ 108.88950455216056, 34.370731967686375 ], [ 108.889612319287423, 34.370703834993328 ], [ 108.889644156809823, 34.370710853719544 ], [ 108.889644218463474, 34.370710867271121 ], [ 108.889676196955463, 34.370717875327273 ], [ 108.889724613852096, 34.37077359254063 ], [ 108.88977601821199, 34.370834759778177 ], [ 108.889783177972248, 34.370841362090488 ], [ 108.889792070406315, 34.37084630853915 ], [ 108.88989320435617, 34.370888602472597 ], [ 108.889905242049451, 34.370936531784565 ], [ 108.889913026411847, 34.370950800402042 ], [ 108.890010305474718, 34.37105816563416 ], [ 108.890018482409062, 34.371092075937014 ], [ 108.890000217777839, 34.371115107737751 ], [ 108.889966046165682, 34.371137859970744 ], [ 108.889956920275878, 34.371146196501755 ], [ 108.889951350501534, 34.371156464358322 ], [ 108.889949882789622, 34.371167657091576 ], [ 108.889950887078143, 34.371184679931837 ], [ 108.889944037046845, 34.371183682644244 ], [ 108.889834037093465, 34.371179182650351 ], [ 108.889819114319366, 34.371180737234937 ], [ 108.889805729221749, 34.371186424477798 ], [ 108.889715529240007, 34.371243024459751 ], [ 108.889706541008238, 34.371250645850019 ], [ 108.889700642154637, 34.371260117244205 ], [ 108.889694308307909, 34.371275553996242 ], [ 108.889474744392089, 34.37121949677077 ], [ 108.889472017023877, 34.371211462677508 ], [ 108.889488898902158, 34.371218877847163 ] ], [ [ 108.89006893676715, 34.371159357775724 ], [ 108.890100736759706, 34.371119257765464 ], [ 108.890107070703181, 34.371106367956841 ], [ 108.890107027221333, 34.371092449275523 ], [ 108.89009342719261, 34.37103604927777 ], [ 108.890085573599038, 34.371021499559113 ], [ 108.889988185281908, 34.37091401387471 ], [ 108.889986041576122, 34.370905478527156 ], [ 108.890035943647518, 34.370910044122567 ], [ 108.890040699969333, 34.37091026104585 ], [ 108.890174387728052, 34.370910261053346 ], [ 108.890302904891115, 34.370931664730215 ], [ 108.890411083973888, 34.370960286930355 ], [ 108.890488209570819, 34.371012381356259 ], [ 108.890571619028051, 34.371068687758722 ], [ 108.890580366838762, 34.371073272808232 ], [ 108.890678966864499, 34.371112172825832 ], [ 108.890697894714762, 34.371115660239958 ], [ 108.890798610907197, 34.371115092675431 ], [ 108.890702224010127, 34.371377160859836 ], [ 108.890039033831698, 34.371206799243915 ], [ 108.890037597793921, 34.371182458617632 ], [ 108.890059853859142, 34.371167640016409 ], [ 108.89006893676715, 34.371159357775724 ] ], [ [ 108.890491681562395, 34.371735664535677 ], [ 108.890486388491567, 34.371744132758202 ], [ 108.890444890819666, 34.371839832948858 ], [ 108.889659160439095, 34.371654800298678 ], [ 108.889664098331764, 34.371638241875267 ], [ 108.889736355378275, 34.371396523277561 ], [ 108.88976286280095, 34.371331770752384 ], [ 108.889778474685329, 34.371293721649828 ], [ 108.889845503719812, 34.37125166129853 ], [ 108.889934341466557, 34.371255295569632 ], [ 108.889984409511541, 34.371268061564244 ], [ 108.890676930023474, 34.371445957777105 ], [ 108.890597996596696, 34.371660725916549 ], [ 108.890499473269017, 34.371728647968808 ], [ 108.890491681562395, 34.371735664535677 ] ], [ [ 108.889618599921093, 34.371790504770821 ], [ 108.889638296908728, 34.371724653502397 ], [ 108.890415483760918, 34.371907674309391 ], [ 108.890390442244467, 34.371965462350751 ], [ 108.890342633883449, 34.371966768277261 ], [ 108.889618599921093, 34.371790504770821 ] ], [ [ 108.890260370194795, 34.372328482559936 ], [ 108.890258455817033, 34.3723280412826 ], [ 108.890144824521371, 34.372304159458238 ], [ 108.890038339013685, 34.372260926021546 ], [ 108.890022786917982, 34.372223644635874 ], [ 108.890017686065818, 34.37221520636519 ], [ 108.890010112889414, 34.372208159310077 ], [ 108.89000058913355, 34.372202988968219 ], [ 108.889818189180573, 34.372130289000971 ], [ 108.889805788792685, 34.372127131292913 ], [ 108.889552588563973, 34.372095862308385 ], [ 108.88951051618038, 34.372083220850712 ], [ 108.889595127404846, 34.371859748303876 ], [ 108.890324882601988, 34.372037404668255 ], [ 108.890338527940827, 34.372038841556048 ], [ 108.8903921857504, 34.372037375852734 ], [ 108.890417692963368, 34.372090934990766 ], [ 108.890331124186389, 34.372346249266997 ], [ 108.890260370194795, 34.372328482559936 ] ], [ [ 108.88940598394079, 34.372359296352307 ], [ 108.889474174419604, 34.372179381593234 ], [ 108.889474188602804, 34.37217934410041 ], [ 108.889484544638165, 34.372151915752646 ], [ 108.889527124391122, 34.372164709662314 ], [ 108.889535511096426, 34.372166468683197 ], [ 108.889786522997454, 34.37219746745123 ], [ 108.889946721243462, 34.372261318418808 ], [ 108.889962213048037, 34.372298455354468 ], [ 108.889970715995844, 34.372310526541099 ], [ 108.889984127790882, 34.372318997162999 ], [ 108.890110727822901, 34.372370397185989 ], [ 108.890119144129017, 34.372372958701206 ], [ 108.890236180885609, 34.372397556262555 ], [ 108.890307641641982, 34.37241550044812 ], [ 108.890241018245888, 34.372611961375817 ], [ 108.889484967878076, 34.372434006722386 ], [ 108.88940598394079, 34.372359296352307 ] ], [ [ 108.890099208811932, 34.372892848246899 ], [ 108.890047288859336, 34.372915684100647 ], [ 108.889957861958734, 34.372913578948804 ], [ 108.888792028562605, 34.372642809928337 ], [ 108.888753598082616, 34.372561217858681 ], [ 108.88874677231064, 34.372551534257326 ], [ 108.888743113116576, 34.372548826095191 ], [ 108.888828517744912, 34.372276094878892 ], [ 108.889332977630346, 34.372399347138533 ], [ 108.889428186959591, 34.372489405072876 ], [ 108.889437622220044, 34.372496094852551 ], [ 108.889448956589931, 34.372500294182331 ], [ 108.890217514758575, 34.372681192963107 ], [ 108.890185091145241, 34.372776594411889 ], [ 108.890147924085525, 34.372843204274588 ], [ 108.890099208811932, 34.372892848246899 ] ], [ [ 108.888647184907825, 34.3722317690208 ], [ 108.888745273388082, 34.372255749817242 ], [ 108.888660774661759, 34.372525587317085 ], [ 108.888570405112404, 34.372505744839657 ], [ 108.888575010931916, 34.372459394873566 ], [ 108.888647184907825, 34.3722317690208 ] ], [ [ 108.888177191745726, 34.372418107162311 ], [ 108.888035445024641, 34.372388803762341 ], [ 108.887945944140881, 34.372355040975393 ], [ 108.887931257442531, 34.372332704971761 ], [ 108.887940967895389, 34.372284868924964 ], [ 108.887941099178349, 34.372273618384348 ], [ 108.887937031191314, 34.372262884845803 ], [ 108.887929162138704, 34.372253718982606 ], [ 108.887918262298797, 34.372247018012693 ], [ 108.887905398623715, 34.372243437873038 ], [ 108.887891830298273, 34.372243329012107 ], [ 108.887878885483133, 34.372246702085818 ], [ 108.887867831305485, 34.372253226914474 ], [ 108.887859749824713, 34.372262264802998 ], [ 108.887855432112602, 34.37227293106055 ], [ 108.887843232083867, 34.372333031053628 ], [ 108.887843228097083, 34.372344949288468 ], [ 108.887847922186708, 34.372356214052893 ], [ 108.887876722170347, 34.372400014060581 ], [ 108.887885259828948, 34.372409129367014 ], [ 108.887896840252921, 34.372415532637106 ], [ 108.887974903079936, 34.372444980626398 ], [ 108.887329014486752, 34.372296267033697 ], [ 108.887156696926098, 34.372242900048128 ], [ 108.8871163292674, 34.372190764726177 ], [ 108.887098528088671, 34.371969635978836 ], [ 108.887677882571907, 34.372088508116271 ], [ 108.887682958415994, 34.372088841535138 ], [ 108.887689447306158, 34.372089548366091 ], [ 108.887690725027227, 34.372089351702989 ], [ 108.887691958842154, 34.37208943274895 ], [ 108.887981547805595, 34.372069102204513 ], [ 108.88856394910232, 34.372211423982868 ], [ 108.888490155801975, 34.372444156224496 ], [ 108.888488876865864, 34.372450346964214 ], [ 108.888485233127057, 34.37248701481149 ], [ 108.888342885961009, 34.372455677714697 ], [ 108.888178142576436, 34.372418313243173 ], [ 108.888177191745726, 34.372418107162311 ] ], [ [ 108.887784268633624, 34.371385109505901 ], [ 108.887830058161512, 34.371433517867068 ], [ 108.887848482158134, 34.371478012240182 ], [ 108.887658476045061, 34.372010435245429 ], [ 108.887092467523871, 34.371894301315692 ], [ 108.887037699110579, 34.371212673235419 ], [ 108.887592370711957, 34.37132400441142 ], [ 108.887784268633624, 34.371385109505901 ] ], [ [ 108.88724490973496, 34.37083080096653 ], [ 108.887301700116964, 34.370866608889521 ], [ 108.887352016733161, 34.370918052018659 ], [ 108.887357674511364, 34.370922843825461 ], [ 108.887461074514761, 34.370995443849935 ], [ 108.887477605104181, 34.371002674793509 ], [ 108.887587715696853, 34.371027772078264 ], [ 108.887646214638508, 34.371043352212389 ], [ 108.88757519071207, 34.371246557184641 ], [ 108.887031651930869, 34.371137460429587 ], [ 108.88700620578166, 34.370821346221383 ], [ 108.887116053695266, 34.370816682195823 ], [ 108.88724490973496, 34.37083080096653 ] ], [ [ 108.887829725140989, 34.370627389062371 ], [ 108.887818412616753, 34.370619518558051 ], [ 108.887701112640102, 34.370562918581477 ], [ 108.887696871663493, 34.370561123008706 ], [ 108.887610604777379, 34.370529421704809 ], [ 108.887721903420228, 34.370269224334315 ], [ 108.887750435899477, 34.370289521305246 ], [ 108.887820591514895, 34.370347475964309 ], [ 108.88782104102593, 34.370347841943769 ], [ 108.887878741023385, 34.370394141958052 ], [ 108.887881562109698, 34.370396216524476 ], [ 108.887946762113287, 34.370440116539655 ], [ 108.887959595856401, 34.370446090237913 ], [ 108.887974099970336, 34.37044816096828 ], [ 108.88803216959289, 34.370448160988488 ], [ 108.888028916899302, 34.370449014392918 ], [ 108.888014291970265, 34.370455635494004 ], [ 108.887959691979091, 34.370493235482179 ], [ 108.887949909447826, 34.370502822578132 ], [ 108.887944699062984, 34.370514614300795 ], [ 108.887912798992275, 34.370663614283139 ], [ 108.887913834601989, 34.370679879131494 ], [ 108.887953595918844, 34.370794023377158 ], [ 108.887962130775591, 34.370886875640274 ], [ 108.887953437520537, 34.371005332352219 ], [ 108.887950813367297, 34.371014535893124 ], [ 108.887761433942245, 34.370971801663181 ], [ 108.887840052460973, 34.370747016275011 ], [ 108.887841762218812, 34.370736378866809 ], [ 108.887839962173899, 34.370649978863455 ], [ 108.887837197096545, 34.370637950672879 ], [ 108.887829725140989, 34.370627389062371 ] ], [ [ 108.888389200878848, 34.370501534535521 ], [ 108.888492419452845, 34.370547153898791 ], [ 108.888512595613236, 34.370561911328579 ], [ 108.888485538175544, 34.370595297432381 ], [ 108.888428769173942, 34.370602114540802 ], [ 108.888346684609218, 34.370549110403395 ], [ 108.888261366606443, 34.370491046779819 ], [ 108.888192197826385, 34.370440111619594 ], [ 108.888188332654067, 34.370438141092187 ], [ 108.888270066725539, 34.370427555459365 ], [ 108.888322000117739, 34.370461607596731 ], [ 108.888323485609973, 34.370462539334 ], [ 108.888384185616815, 34.370498939347478 ], [ 108.888389200878848, 34.370501534535521 ] ], [ [ 108.888777735264711, 34.370630942629731 ], [ 108.888788131051768, 34.370627275373444 ], [ 108.888858624291828, 34.370592802464479 ], [ 108.888950516248002, 34.370597743751482 ], [ 108.889004372917313, 34.370623449867416 ], [ 108.889054506592913, 34.370668258002866 ], [ 108.889062725446436, 34.370673984035008 ], [ 108.889072388674677, 34.370677860741871 ], [ 108.889224088724831, 34.370720460763934 ], [ 108.889226662338089, 34.370721110430054 ], [ 108.889315163419454, 34.370740986096372 ], [ 108.889323237014779, 34.370743146914243 ], [ 108.889321746011277, 34.370790460650696 ], [ 108.889325331250134, 34.370805745213133 ], [ 108.889364731217896, 34.370880845223311 ], [ 108.88937131585061, 34.370889447065409 ], [ 108.889267411431163, 34.37096196431915 ], [ 108.889257854230408, 34.370956307521638 ], [ 108.889163854257077, 34.370922507537543 ], [ 108.889153823651753, 34.370920041335204 ], [ 108.889143372656591, 34.37091963869868 ], [ 108.889043172699957, 34.370925838699854 ], [ 108.889029978749349, 34.370928416527619 ], [ 108.888945078780409, 34.370957216518768 ], [ 108.888929861430327, 34.370965904232214 ], [ 108.888867561432008, 34.371021004215933 ], [ 108.888860662669671, 34.371029104871461 ], [ 108.888842489621013, 34.371058296628185 ], [ 108.88867933904335, 34.371016725379867 ], [ 108.88866292213784, 34.371015268551922 ], [ 108.888587822170336, 34.371020568552503 ], [ 108.88857269202154, 34.371023996645832 ], [ 108.888386406667365, 34.371098339019873 ], [ 108.888348500009272, 34.371098339019788 ], [ 108.88832268732574, 34.371098339021394 ], [ 108.888034558049256, 34.371033419468176 ], [ 108.888038705344684, 34.371018873848797 ], [ 108.88803978876652, 34.371012784247 ], [ 108.888048888703523, 34.370888784238083 ], [ 108.888048843350234, 34.370883867026826 ], [ 108.888039743298506, 34.370784867025492 ], [ 108.888038165447099, 34.370777620844201 ], [ 108.887999963491424, 34.370667953449598 ], [ 108.888027325096729, 34.370540151305093 ], [ 108.888063177121268, 34.370515461992923 ], [ 108.888114836514873, 34.370501908180309 ], [ 108.888146434186325, 34.37050260136737 ], [ 108.888204402155338, 34.370545288388676 ], [ 108.888205685930956, 34.370546197313246 ], [ 108.888292085935248, 34.370604997333459 ], [ 108.888292953697345, 34.370605572627305 ], [ 108.888390053704768, 34.370668272649532 ], [ 108.8884000852821, 34.370673117346755 ], [ 108.888411307366937, 34.370675581897395 ], [ 108.888422915854647, 34.370675489706997 ], [ 108.88851701589509, 34.370664189705742 ], [ 108.888528573045051, 34.370661402519374 ], [ 108.888538761278511, 34.370656088816958 ], [ 108.888546795876778, 34.370648657870731 ], [ 108.888578154733196, 34.37060996423395 ], [ 108.888597851055607, 34.370624424383564 ], [ 108.888611437911663, 34.370631191694741 ], [ 108.888627049856652, 34.370633459057977 ], [ 108.888766549916667, 34.370632259062795 ], [ 108.888777735264711, 34.370630942629731 ] ], [ [ 108.890445283439206, 34.370893840716022 ], [ 108.890326983479412, 34.37086254073261 ], [ 108.890322340075926, 34.370861543056208 ], [ 108.890187240128085, 34.370839043070482 ], [ 108.890178699969383, 34.370838338948744 ], [ 108.890043085381947, 34.370838338955252 ], [ 108.889943938742761, 34.370829267905592 ], [ 108.88984091558136, 34.370786183939252 ], [ 108.889795581753887, 34.370732240223575 ], [ 108.889795186101978, 34.370731777258392 ], [ 108.889737486084158, 34.370665377273738 ], [ 108.889726873603976, 34.370656768858829 ], [ 108.889713381508457, 34.370651632721071 ], [ 108.88970147507375, 34.370649023441011 ], [ 108.889714696304338, 34.370514564150547 ], [ 108.890846444248467, 34.370812952557351 ], [ 108.89084334651352, 34.370822494991664 ], [ 108.89078122378848, 34.370804044999126 ], [ 108.890775304329381, 34.370802670668439 ], [ 108.890692304361238, 34.370788570677298 ], [ 108.890679456168982, 34.370788003459396 ], [ 108.890666972696522, 34.370790586879529 ], [ 108.890655952677918, 34.370796093557651 ], [ 108.890602752686604, 34.370832593546169 ], [ 108.89059430559044, 34.370840363989423 ], [ 108.890588913050024, 34.370849821555318 ], [ 108.890579913039801, 34.370874321551284 ], [ 108.890578038516807, 34.370885464768897 ], [ 108.89058040851765, 34.370896542915006 ], [ 108.890586791051874, 34.370906471583389 ], [ 108.890596561353476, 34.370914278886339 ], [ 108.890608763037477, 34.370919200589974 ], [ 108.890622201717093, 34.37092075492302 ], [ 108.890635561919268, 34.370918789736223 ], [ 108.890647535852679, 34.370913497395833 ], [ 108.890656951424276, 34.370905395953486 ], [ 108.89066288697218, 34.370895278435484 ], [ 108.890668089187471, 34.370881116833154 ], [ 108.890695244095213, 34.370862486115236 ], [ 108.890754877050298, 34.370872616530875 ], [ 108.890834835969287, 34.370896363741267 ], [ 108.890851439926649, 34.370971659248063 ], [ 108.890825138607141, 34.371043019358552 ], [ 108.890707251491136, 34.371043683713161 ], [ 108.890622339295049, 34.371010183875477 ], [ 108.89054298572718, 34.370956615472437 ], [ 108.890459490415054, 34.370900218655329 ], [ 108.890445283439206, 34.370893840716022 ] ], [ [ 108.890693509822682, 34.370697161487996 ], [ 108.889730353593663, 34.370443221964386 ], [ 108.889736707625062, 34.370426518339237 ], [ 108.890693509822682, 34.370697161487996 ] ], [ [ 108.889593642369846, 34.37095485250186 ], [ 108.889646296769271, 34.370971825626896 ], [ 108.889716277182231, 34.371019632284437 ], [ 108.889768823542198, 34.371074563653004 ], [ 108.889759532212651, 34.371108668887409 ], [ 108.88971115148945, 34.371147707639302 ], [ 108.889648174716882, 34.37116882790086 ], [ 108.889523098339978, 34.371152509819474 ], [ 108.889463517513946, 34.371126339621505 ], [ 108.889437090473095, 34.371111093255124 ], [ 108.889395718919417, 34.371087164377016 ], [ 108.88934833629871, 34.371034180346577 ], [ 108.889345560030861, 34.371031382330614 ], [ 108.889326934532917, 34.371014429340661 ], [ 108.889432922986273, 34.370940457558362 ], [ 108.889434263285096, 34.370940975240281 ], [ 108.889513163312245, 34.370961075251081 ], [ 108.889532156161422, 34.370962284895313 ], [ 108.889593642369846, 34.37095485250186 ] ], [ [ 108.8893402883363, 34.371142794485444 ], [ 108.889369698215987, 34.371159804869016 ], [ 108.8893702563837, 34.371173329873834 ], [ 108.889371853379998, 34.371181843885502 ], [ 108.889376094626769, 34.371194337507511 ], [ 108.888926734004087, 34.371079770049569 ], [ 108.888934967977917, 34.371066543621801 ], [ 108.88898667197887, 34.371020815032566 ], [ 108.889056470227843, 34.370997137888494 ], [ 108.889139159845058, 34.370992021369766 ], [ 108.889214833108468, 34.371019231547741 ], [ 108.889232457986608, 34.371035234057295 ], [ 108.889279966711229, 34.371078476710871 ], [ 108.889330263669393, 34.371134719655494 ], [ 108.8893402883363, 34.371142794485444 ] ], [ [ 108.888231574004138, 34.371519393862791 ], [ 108.888229129465088, 34.371496506646984 ], [ 108.888325721885437, 34.371523125626048 ], [ 108.888339003608621, 34.371524959476389 ], [ 108.888352323539749, 34.371523327240872 ], [ 108.88836439778747, 34.371518386248475 ], [ 108.888374062530445, 34.371510612755102 ], [ 108.888380386197326, 34.371500756037719 ], [ 108.888381315899451, 34.37149852748562 ], [ 108.888404199639581, 34.371502787552998 ], [ 108.888416985086863, 34.371503557667594 ], [ 108.888429483519957, 34.371501194938766 ], [ 108.88844060296411, 34.371495905795477 ], [ 108.888449371925759, 34.371488152344369 ], [ 108.888453763158253, 34.37148074057373 ], [ 108.888539040140799, 34.371492785638161 ], [ 108.888532502191325, 34.371513828501705 ], [ 108.888531214842772, 34.37152503674303 ], [ 108.888534170485855, 34.371536025730208 ], [ 108.888541079397655, 34.371545718276742 ], [ 108.88855126433873, 34.371553164278303 ], [ 108.88856372693877, 34.371557633846066 ], [ 108.888818275662658, 34.371611760092598 ], [ 108.888808180753855, 34.371653415351012 ], [ 108.888807578910303, 34.371664341220516 ], [ 108.888810965877511, 34.371674911768061 ], [ 108.888818028353825, 34.371684149190884 ], [ 108.888828113042962, 34.371691199003372 ], [ 108.888840287085472, 34.371695409079322 ], [ 108.889030178930966, 34.371734352905904 ], [ 108.889027126042635, 34.371744476800721 ], [ 108.889025862707129, 34.371754580740181 ], [ 108.889028057354366, 34.371764574507822 ], [ 108.889033534869483, 34.371773660677718 ], [ 108.889041858189728, 34.371781114243035 ], [ 108.889052363178322, 34.371786340466087 ], [ 108.889073279417076, 34.371793646542137 ], [ 108.88907150349759, 34.371810093014751 ], [ 108.8890728504431, 34.371822736336391 ], [ 108.889079410841589, 34.371834204117569 ], [ 108.889090367426363, 34.371843067747044 ], [ 108.889106722297356, 34.371852259275727 ], [ 108.889104973662626, 34.371865898567521 ], [ 108.889105411370224, 34.371876046364243 ], [ 108.889109252746721, 34.371885688150499 ], [ 108.889116191510752, 34.371894055163004 ], [ 108.889125674418452, 34.371900480279066 ], [ 108.889136945374318, 34.371904451208067 ], [ 108.889216525749831, 34.371922013790559 ], [ 108.889213168820078, 34.371945067312758 ], [ 108.889191696278871, 34.372006181394973 ], [ 108.889168123203703, 34.372017602457838 ], [ 108.889124916491426, 34.372012392644947 ], [ 108.889031618069623, 34.371985969305179 ], [ 108.889013010830283, 34.371984240891649 ], [ 108.888928010866977, 34.371991740891694 ], [ 108.888916570795587, 34.371994085323216 ], [ 108.888852862594746, 34.372015097268481 ], [ 108.88871409631021, 34.37199124061263 ], [ 108.888681172756279, 34.371921664873639 ], [ 108.888677768508472, 34.371915996997565 ], [ 108.888632568488134, 34.37185489700969 ], [ 108.88862964136068, 34.371851418594581 ], [ 108.888571794817182, 34.371790655449566 ], [ 108.888526278987783, 34.371728447287225 ], [ 108.888521762716522, 34.371723347735468 ], [ 108.888471262708862, 34.371675747748505 ], [ 108.888460305897638, 34.37166831928792 ], [ 108.888447048097206, 34.371664211520077 ], [ 108.888364048129347, 34.371650711528702 ], [ 108.888349252597607, 34.371650438623895 ], [ 108.88829450752074, 34.371657262808718 ], [ 108.888265881803278, 34.371571959926037 ], [ 108.888261873566222, 34.371563931578912 ], [ 108.888231574004138, 34.371519393862791 ] ], [ [ 108.888135358558358, 34.371255752066375 ], [ 108.888130786491644, 34.371251110365137 ], [ 108.888055461819235, 34.371186478196236 ], [ 108.888023479558285, 34.37114143719743 ], [ 108.88802460825616, 34.371105707532386 ], [ 108.888305527850363, 34.371169002647726 ], [ 108.888310326243811, 34.371169533591633 ], [ 108.888317598341203, 34.37121557031692 ], [ 108.888321835899177, 34.37122702574495 ], [ 108.888350635880286, 34.371274625752577 ], [ 108.888351930318038, 34.371276607659183 ], [ 108.888395930296042, 34.371339207670964 ], [ 108.88840231509532, 34.371346176546915 ], [ 108.88841054100341, 34.371351660180622 ], [ 108.888491041017531, 34.371393060197214 ], [ 108.88850084327585, 34.371396792572973 ], [ 108.888559951608102, 34.371412265971607 ], [ 108.888557734886263, 34.371422468210767 ], [ 108.888431582770053, 34.371404649674538 ], [ 108.888419215024811, 34.371404387056693 ], [ 108.888407261083188, 34.371407030676735 ], [ 108.888396693728893, 34.371412365402946 ], [ 108.888388372908835, 34.37141995710774 ], [ 108.888385118565708, 34.371425523090544 ], [ 108.888362500373546, 34.371421312452256 ], [ 108.888349928880473, 34.371420529298412 ], [ 108.888337616897743, 34.371422777226449 ], [ 108.88832660478954, 34.371427866286012 ], [ 108.888317823080996, 34.37143536645069 ], [ 108.888312593811918, 34.371443717709212 ], [ 108.888219321830817, 34.37141801375266 ], [ 108.888207850833808, 34.37135001810762 ], [ 108.888200658581155, 34.371334652048937 ], [ 108.888135358558358, 34.371255752066375 ] ], [ [ 108.88939715917958, 34.371608253412759 ], [ 108.889394570577011, 34.371683925724746 ], [ 108.88939105883, 34.371728814730773 ], [ 108.889356118497403, 34.371758541088823 ], [ 108.889305617143691, 34.37177826817841 ], [ 108.889295935940211, 34.371783453576874 ], [ 108.889242835948139, 34.371821053565085 ], [ 108.889232788979072, 34.371831390343907 ], [ 108.889227949816828, 34.371844045382161 ], [ 108.889227085762016, 34.3718499184343 ], [ 108.889195153270819, 34.371842871263482 ], [ 108.889195726325795, 34.371838401414358 ], [ 108.889194573006392, 34.371825548456648 ], [ 108.889188028182602, 34.3718138581863 ], [ 108.889176932550242, 34.371804832238283 ], [ 108.889160174149694, 34.371795413933661 ], [ 108.889162496486307, 34.371773906966638 ], [ 108.889161565926685, 34.371762640023988 ], [ 108.889156466953324, 34.371752167985292 ], [ 108.889147702446166, 34.371743523639537 ], [ 108.889136136792402, 34.371737559521947 ], [ 108.889120290046748, 34.371732024235484 ], [ 108.889124873947864, 34.371716823178964 ], [ 108.889126064091712, 34.371705597261204 ], [ 108.889123005586939, 34.371694617119779 ], [ 108.889115998788355, 34.371684961033566 ], [ 108.889105731783104, 34.371677577255362 ], [ 108.889093212818409, 34.371673190891094 ], [ 108.888901394132859, 34.371633851987994 ], [ 108.888911419220321, 34.371592484625182 ], [ 108.888912028917872, 34.371581619983445 ], [ 108.888908693359681, 34.371571101122726 ], [ 108.888901717670436, 34.371561890264978 ], [ 108.888891739958126, 34.371554829981037 ], [ 108.888879672942807, 34.371550566115999 ], [ 108.888627329474431, 34.371496908902536 ], [ 108.888634797793429, 34.371472871475866 ], [ 108.888634932946715, 34.371471582424135 ], [ 108.888635481934088, 34.371470276189463 ], [ 108.888643620568715, 34.37143281879608 ], [ 108.88939715917958, 34.371608253412759 ] ], [ [ 108.88840024611963, 34.371864374026451 ], [ 108.888346627392849, 34.371828771888985 ], [ 108.888298992001452, 34.371791306710826 ], [ 108.88830227858368, 34.371749223876307 ], [ 108.888302369233315, 34.37174689999339 ], [ 108.888302369224434, 34.371729012950951 ], [ 108.888354721138398, 34.371722487089947 ], [ 108.888415878879272, 34.371732434437753 ], [ 108.888454107571064, 34.371768467830094 ], [ 108.88849902097499, 34.371829852712551 ], [ 108.888502058635623, 34.371833481378602 ], [ 108.88855997114598, 34.371894313878343 ], [ 108.888573844479424, 34.371913067454607 ], [ 108.888500742772109, 34.371886803368902 ], [ 108.888494574392695, 34.371885031178941 ], [ 108.88840024611963, 34.371864374026451 ] ], [ [ 108.889422260753761, 34.371330521980077 ], [ 108.889429395101388, 34.371397547626323 ], [ 108.889428008701088, 34.37145891754632 ], [ 108.889413521463439, 34.371520964724887 ], [ 108.889413411766128, 34.371521452559008 ], [ 108.889410141777134, 34.371536572738812 ], [ 108.888621793411446, 34.371353033781268 ], [ 108.888532139905081, 34.371329564283435 ], [ 108.888465433532346, 34.371295258158653 ], [ 108.88842755435634, 34.37124136645447 ], [ 108.888402649992656, 34.371200205111379 ], [ 108.888397872900597, 34.371169963462343 ], [ 108.88841510792588, 34.371166703377192 ], [ 108.888603122978679, 34.37109167074059 ], [ 108.888661899071963, 34.371087522763027 ], [ 108.888851657376634, 34.371135873718387 ], [ 108.889405571789567, 34.371277097892978 ], [ 108.889411341284244, 34.37129099523078 ], [ 108.889422260753761, 34.371330521980077 ] ], [ [ 108.895389480156766, 34.370212871699479 ], [ 108.895375904529217, 34.370212215571357 ], [ 108.895323804551751, 34.370216515571499 ], [ 108.895310727972358, 34.370219349849783 ], [ 108.895262727989419, 34.370236749844366 ], [ 108.895251201129142, 34.370242885947746 ], [ 108.895212201134029, 34.37027178593879 ], [ 108.895203573755708, 34.370280573156677 ], [ 108.895195307617996, 34.370292404458432 ], [ 108.894262280602533, 34.370024119945157 ], [ 108.894765090004455, 34.368858205743415 ], [ 108.895554069334835, 34.369084202458232 ], [ 108.895844215769131, 34.369167311004624 ], [ 108.895670554366589, 34.369579848539239 ], [ 108.895403120622703, 34.37021534936391 ], [ 108.895389480156766, 34.370212871699479 ] ], [ [ 108.895887455696553, 34.369064645951724 ], [ 108.895872810653401, 34.369099408904916 ], [ 108.895555645181432, 34.369008561110896 ], [ 108.894794300080719, 34.368790479980966 ], [ 108.89506074085422, 34.368172780178192 ], [ 108.896134866355808, 34.368476739450244 ], [ 108.895887455696553, 34.369064645951724 ] ], [ [ 108.895294997637777, 34.370464616212466 ], [ 108.895268542306269, 34.370441247345482 ], [ 108.895252408553333, 34.37041220661628 ], [ 108.895248075036321, 34.370380476579051 ], [ 108.895255937076683, 34.370349101833007 ], [ 108.895275157903015, 34.370321591092008 ], [ 108.895303827199228, 34.370300346404534 ], [ 108.895339203352577, 34.370287522549454 ], [ 108.895377644847855, 34.370284349836375 ], [ 108.895415644144336, 34.370291252053903 ], [ 108.895446180480832, 34.370305716637397 ], [ 108.895470547614835, 34.370326918260652 ], [ 108.895486454412605, 34.370352748586086 ], [ 108.895492884271476, 34.37038415889598 ], [ 108.895487234281163, 34.37041549057281 ], [ 108.895470046806892, 34.370443842540134 ], [ 108.895443141694301, 34.370466348991364 ], [ 108.895407658457572, 34.370481250475528 ], [ 108.895368200848367, 34.370485970639614 ], [ 108.895328976461101, 34.370480061128994 ], [ 108.895294997637777, 34.370464616212466 ] ], [ [ 108.892695629923693, 34.370304177580564 ], [ 108.892535664598427, 34.370263299154587 ], [ 108.892617871711153, 34.370077547413999 ], [ 108.892915407241674, 34.370160583999805 ], [ 108.892695629923693, 34.370304177580564 ] ], [ [ 108.893339020983674, 34.370278824241531 ], [ 108.893358740482682, 34.370403409078165 ], [ 108.893300153758801, 34.370458679560826 ], [ 108.892796370566728, 34.370329924097831 ], [ 108.89301360662887, 34.370187990638144 ], [ 108.893339020983674, 34.370278824241531 ] ], [ [ 108.895868036706091, 34.37149969607259 ], [ 108.89585814336354, 34.371490760559411 ], [ 108.89584522997167, 34.371485060830011 ], [ 108.895043401476201, 34.37126495497813 ], [ 108.895141517176228, 34.371032412794911 ], [ 108.895606889605489, 34.371167331663202 ], [ 108.895678568731654, 34.371295252816594 ], [ 108.895684693163801, 34.371303231260661 ], [ 108.895693114338911, 34.371309609837908 ], [ 108.895703249808861, 34.371313947375498 ], [ 108.896554148455067, 34.371567165105667 ], [ 108.896447059669413, 34.371818827420462 ], [ 108.895919722612661, 34.371670430147049 ], [ 108.895873784353711, 34.371510850705043 ], [ 108.895868036706091, 34.37149969607259 ] ], [ [ 108.895814615532402, 34.371067132531955 ], [ 108.896666433508059, 34.371303216691025 ], [ 108.896583005743452, 34.371499338404057 ], [ 108.895749598873678, 34.371251326188059 ], [ 108.895692139885028, 34.371148782984761 ], [ 108.895814615532402, 34.371067132531955 ] ], [ [ 108.895835677190391, 34.37168825234231 ], [ 108.895772804959989, 34.371747085099393 ], [ 108.89493259925186, 34.371527358989553 ], [ 108.894962734402867, 34.37145588018479 ], [ 108.895014732631054, 34.371332846480037 ], [ 108.895795026771864, 34.371547041218797 ], [ 108.895835677190391, 34.37168825234231 ] ], [ [ 108.893337330771189, 34.370530319360697 ], [ 108.893346774571413, 34.370523640919295 ], [ 108.893418355076761, 34.370456112141291 ], [ 108.893937836365794, 34.370588672541665 ], [ 108.893844374303214, 34.370816101751018 ], [ 108.893323613220772, 34.370678048497609 ], [ 108.89299691962141, 34.370591350212678 ], [ 108.892983379098595, 34.370589639824878 ], [ 108.892969870583414, 34.370591516176816 ], [ 108.892957741441066, 34.370596792117368 ], [ 108.892778538732841, 34.370707817926323 ], [ 108.892417519792303, 34.370607520661515 ], [ 108.892509139216401, 34.370331781043774 ], [ 108.892691826580446, 34.370378465985439 ], [ 108.893301425846488, 34.370534265827835 ], [ 108.893313688165023, 34.370535858668028 ], [ 108.893325992406474, 34.370534506255126 ], [ 108.893337330771189, 34.370530319360697 ] ], [ [ 108.89308539825258, 34.370891532470608 ], [ 108.893318055544412, 34.370752083842866 ], [ 108.893816390615143, 34.370884191988189 ], [ 108.893739238038762, 34.371071907725941 ], [ 108.89308539825258, 34.370891532470608 ] ], [ [ 108.893215424681529, 34.37072485348105 ], [ 108.892983993809167, 34.370863566786547 ], [ 108.892959233989117, 34.370856746974241 ], [ 108.892849849094986, 34.370753418581188 ], [ 108.892991760020749, 34.370665497034842 ], [ 108.893215424681529, 34.37072485348105 ] ], [ [ 108.897984042829691, 34.369107445435546 ], [ 108.897969536701808, 34.369109270003158 ], [ 108.89785473674678, 34.369140869994091 ], [ 108.897842304250958, 34.369146277509664 ], [ 108.897758104268107, 34.369198877492877 ], [ 108.897746436699677, 34.369209917311281 ], [ 108.897718537832404, 34.369250884267224 ], [ 108.897637970333975, 34.369226843554323 ], [ 108.897757125439725, 34.36894532116812 ], [ 108.898057854688631, 34.369033499662351 ], [ 108.898017177093053, 34.369115569381293 ], [ 108.897998452491407, 34.369109736068985 ], [ 108.897984042829691, 34.369107445435546 ] ], [ [ 108.897753401169481, 34.369328710805846 ], [ 108.897766443757249, 34.369322360630122 ], [ 108.897776063334305, 34.369312682694357 ], [ 108.897817517395126, 34.369251811123192 ], [ 108.8978888143305, 34.369207271701384 ], [ 108.897982306006227, 34.369181537065401 ], [ 108.898026047513014, 34.369195163936894 ], [ 108.898026094385926, 34.369195178513685 ], [ 108.898050461520583, 34.369202743039139 ], [ 108.898114224384528, 34.36927427535656 ], [ 108.898123643343226, 34.369282014206767 ], [ 108.898135441989155, 34.369287031464573 ], [ 108.898323520047612, 34.369338779589327 ], [ 108.898179494792075, 34.36968574154551 ], [ 108.89807376059963, 34.36965426554454 ], [ 108.897850628101665, 34.369538327058478 ], [ 108.897842349275052, 34.369534982223762 ], [ 108.897673949328876, 34.36948448224927 ], [ 108.897659736232413, 34.369482341406574 ], [ 108.897645463641311, 34.369484190170972 ], [ 108.89763271509878, 34.369489823421986 ], [ 108.897524556659945, 34.369558989498927 ], [ 108.897499743337121, 34.369553524013234 ], [ 108.897609249934177, 34.369294711351685 ], [ 108.897723615618958, 34.36932883717229 ], [ 108.897738521887675, 34.369330960875466 ], [ 108.897753401169481, 34.369328710805846 ] ], [ [ 108.896791784723504, 34.370096581710783 ], [ 108.896809388972301, 34.370091013848857 ], [ 108.896926876405331, 34.370026717711546 ], [ 108.897035277549065, 34.370015273333522 ], [ 108.897050870853448, 34.370011031637041 ], [ 108.89706344701878, 34.370002289242109 ], [ 108.897134747013993, 34.369929589221663 ], [ 108.897141710478323, 34.369919519989935 ], [ 108.897174809108094, 34.369846286720048 ], [ 108.897192716182957, 34.369810985652371 ], [ 108.897285534242314, 34.369842523135091 ], [ 108.897058778813033, 34.370378189543707 ], [ 108.896918558656154, 34.370709511615978 ], [ 108.896554563554915, 34.37060311434773 ], [ 108.89653980583833, 34.370566734899768 ], [ 108.896532740083259, 34.370555917315016 ], [ 108.896521690576293, 34.3705477075018 ], [ 108.896456490587596, 34.370513907515317 ], [ 108.896456429204463, 34.370513875752977 ], [ 108.896434897357068, 34.370502754913453 ], [ 108.896414749735172, 34.370436221013726 ], [ 108.896416066507541, 34.370363708686604 ], [ 108.896435791428772, 34.370312894631041 ], [ 108.896498664265721, 34.370250574091195 ], [ 108.896506624014137, 34.370238669126948 ], [ 108.896527823992386, 34.370184869117708 ], [ 108.896529947951663, 34.370174814882063 ], [ 108.896531196714321, 34.370141430839986 ], [ 108.896541968521191, 34.370120330496277 ], [ 108.896644433396602, 34.370114373228667 ], [ 108.896647684661602, 34.370114081712828 ], [ 108.896791784723504, 34.370096581710783 ] ], [ [ 108.897147616623002, 34.369609229336909 ], [ 108.897141824171072, 34.369601887953969 ], [ 108.89714096101909, 34.369601041037598 ], [ 108.897240773026326, 34.369544587395175 ], [ 108.897389020109529, 34.369597962091049 ], [ 108.897314293664266, 34.369774568302034 ], [ 108.89720611772222, 34.369737812557318 ], [ 108.897188659735576, 34.369680231917776 ], [ 108.897185516648676, 34.369673129326891 ], [ 108.897147616623002, 34.369609229336909 ] ], [ [ 108.897086238465249, 34.369388331392578 ], [ 108.897087617329873, 34.369383863758955 ], [ 108.897102717298651, 34.369317463750811 ], [ 108.897102685016677, 34.369303995841648 ], [ 108.897096679803298, 34.369291482278015 ], [ 108.897053926869859, 34.369235818000178 ], [ 108.897054437925988, 34.369224080617194 ], [ 108.897139049650747, 34.36926278680906 ], [ 108.897184653848612, 34.369320346308747 ], [ 108.897191250033785, 34.369388825493836 ], [ 108.897192486191642, 34.369484837543155 ], [ 108.897073014837432, 34.369552410477191 ], [ 108.897037648791326, 34.369538344440386 ], [ 108.897052188280014, 34.36947506678559 ], [ 108.897086238465249, 34.369388331392578 ] ], [ [ 108.897270230702858, 34.369305436778831 ], [ 108.897268021509504, 34.369296630497317 ], [ 108.897263245925743, 34.36928855428468 ], [ 108.897205645903369, 34.369215854300109 ], [ 108.897198860840078, 34.369209209956828 ], [ 108.897190348936704, 34.369204112460906 ], [ 108.897081048960445, 34.369154112482107 ], [ 108.897069652020505, 34.369150521793259 ], [ 108.897053589766102, 34.369147514395308 ], [ 108.89704734292485, 34.369087311616767 ], [ 108.897045864197096, 34.368997210657611 ], [ 108.897044429558719, 34.36898851433196 ], [ 108.897040497036073, 34.368980365227898 ], [ 108.897005597016616, 34.368927765237203 ], [ 108.896992292357353, 34.368915536765662 ], [ 108.896902792369076, 34.368864136785135 ], [ 108.89689717595607, 34.368861404370719 ], [ 108.896786375984078, 34.36881640439082 ], [ 108.89678142269122, 34.368814698887391 ], [ 108.896699956964696, 34.368791432455929 ], [ 108.89675790506341, 34.368656508376866 ], [ 108.897675283534255, 34.36892150234921 ], [ 108.897541878752435, 34.369236690948128 ], [ 108.897417810806914, 34.36952991803345 ], [ 108.897279165802189, 34.3694800004752 ], [ 108.897277965953378, 34.369386816072229 ], [ 108.897277830744102, 34.369384336779767 ], [ 108.897270230702858, 34.369305436778831 ] ], [ [ 108.89618397675433, 34.369340139715 ], [ 108.896186535265841, 34.369386619778332 ], [ 108.896164964976194, 34.369429681304354 ], [ 108.896156785297592, 34.369438889564805 ], [ 108.896111807638704, 34.369378459478746 ], [ 108.896076331756973, 34.369319826870061 ], [ 108.896090768519954, 34.369292734061354 ], [ 108.896093693303499, 34.369284968137748 ], [ 108.896103391614517, 34.36924300246131 ], [ 108.896117658562659, 34.369217447364058 ], [ 108.896181515247235, 34.369213879947118 ], [ 108.896183030871526, 34.369213773105422 ], [ 108.896246606389553, 34.369208358711838 ], [ 108.896311752897134, 34.369226197384997 ], [ 108.896314249644718, 34.369228114034826 ], [ 108.896284433758112, 34.369241529417245 ], [ 108.896219645819514, 34.369264030617927 ], [ 108.896207550510752, 34.369270349606921 ], [ 108.896198589984692, 34.369279586158896 ], [ 108.896193737892389, 34.369290736630866 ], [ 108.896184637872835, 34.369332036625885 ], [ 108.89618397675433, 34.369340139715 ] ], [ [ 108.896323883575818, 34.369305607900841 ], [ 108.896408783602155, 34.369267407888536 ], [ 108.896419613126852, 34.36926050609388 ], [ 108.896427316870941, 34.369251153708397 ], [ 108.896431130702851, 34.3692402783932 ], [ 108.896430676330851, 34.369228958868078 ], [ 108.896425998825848, 34.369218317913585 ], [ 108.896417562149381, 34.369209411002551 ], [ 108.896363762148439, 34.369168111015696 ], [ 108.89634789892537, 34.369160352393898 ], [ 108.896318573428829, 34.369152322381638 ], [ 108.896330198217072, 34.369137579398497 ], [ 108.89633464785571, 34.369130210790438 ], [ 108.896366547827824, 34.369057610777105 ], [ 108.896368832756096, 34.369049764139106 ], [ 108.896380932716667, 34.368969564131248 ], [ 108.896381014941767, 34.368961219560923 ], [ 108.896368488053568, 34.368865518205318 ], [ 108.896390858300748, 34.368813531950401 ], [ 108.896431221425928, 34.368797907514818 ], [ 108.896518195804731, 34.36881796555771 ], [ 108.896630747247528, 34.368847735320919 ], [ 108.896750636935124, 34.368881975589183 ], [ 108.896856091776684, 34.368924804730206 ], [ 108.896934520725225, 34.368969846621383 ], [ 108.896959283147027, 34.369007167662907 ], [ 108.896960635756869, 34.369089589323202 ], [ 108.896960791383151, 34.369092182748759 ], [ 108.89696966442817, 34.369177695931121 ], [ 108.896966759900309, 34.369244402459195 ], [ 108.896968251226468, 34.369255135964956 ], [ 108.896973520201485, 34.369265017696044 ], [ 108.897014303276507, 34.369318117301013 ], [ 108.897002899024926, 34.369368265679114 ], [ 108.896968861511283, 34.369454968579191 ], [ 108.89696749791176, 34.369459369397646 ], [ 108.896953552009023, 34.369520063436738 ], [ 108.896891885690778, 34.369515462304889 ], [ 108.896793716216791, 34.369470464226595 ], [ 108.896729824415985, 34.369428508301745 ], [ 108.896716595108032, 34.369422578808489 ], [ 108.896701719109728, 34.369420752027857 ], [ 108.896686985101212, 34.36942324761052 ], [ 108.896606585131067, 34.3694495476025 ], [ 108.89659604874592, 34.369454501983832 ], [ 108.896587575702299, 34.369461679366559 ], [ 108.89658182694393, 34.369470519875833 ], [ 108.896579250906356, 34.369480333903716 ], [ 108.896570150855041, 34.369581833895865 ], [ 108.896571300044997, 34.369593134092021 ], [ 108.896576635823465, 34.369603575680323 ], [ 108.896641835795208, 34.369689975697803 ], [ 108.89664571873702, 34.369694348307704 ], [ 108.896650907451786, 34.369699351162296 ], [ 108.896628762062107, 34.369715106129583 ], [ 108.896470463205901, 34.369827705297233 ], [ 108.896470330376744, 34.369827834822139 ], [ 108.896470156791338, 34.369827925321083 ], [ 108.896451256793952, 34.369841625316823 ], [ 108.896443762394028, 34.369848693583243 ], [ 108.896438736386472, 34.36985713218813 ], [ 108.896436523027873, 34.369866363129987 ], [ 108.896430522989078, 34.369942763124378 ], [ 108.896430434535361, 34.369944662314751 ], [ 108.896430062499249, 34.36997000643143 ], [ 108.896375201164119, 34.369979039576002 ], [ 108.896316828781138, 34.369984575745256 ], [ 108.896295820813833, 34.36998658576865 ], [ 108.896250049117128, 34.369970443714884 ], [ 108.89618606709395, 34.369918744787732 ], [ 108.896175525941018, 34.369912473905515 ], [ 108.896066435123345, 34.369866274005531 ], [ 108.896014664450874, 34.36980745406732 ], [ 108.896026877369565, 34.369737832913664 ], [ 108.896047701190867, 34.369719183001784 ], [ 108.896133075130976, 34.369689696781741 ], [ 108.896140237687703, 34.369686541779288 ], [ 108.896211537705838, 34.369647641766747 ], [ 108.896222456909783, 34.369639107933025 ], [ 108.896229215500696, 34.36962799947073 ], [ 108.896231004435776, 34.369615646130072 ], [ 108.896226404399215, 34.369545546128471 ], [ 108.896220768319267, 34.369529678472027 ], [ 108.896204659814927, 34.369506268060853 ], [ 108.896237918364221, 34.369468827283256 ], [ 108.896243050890178, 34.369461294370836 ], [ 108.89627035087095, 34.369406794360032 ], [ 108.896273623274439, 34.369391360270882 ], [ 108.896270847983686, 34.369340942965671 ], [ 108.896274837024137, 34.369322838822605 ], [ 108.896319954216651, 34.369307169373663 ], [ 108.896323883575818, 34.369305607900841 ] ], [ [ 108.897105658770329, 34.369701457206013 ], [ 108.897123809867253, 34.369761324088593 ], [ 108.897094523842426, 34.369819056936343 ], [ 108.897093889563394, 34.369820380011376 ], [ 108.897062978375075, 34.369888773264897 ], [ 108.89700710426024, 34.369945744473803 ], [ 108.896905922504658, 34.369956426665659 ], [ 108.896887511012125, 34.369962086170119 ], [ 108.896769666024085, 34.370026577989691 ], [ 108.89663673434093, 34.370042721671318 ], [ 108.896555768734046, 34.370047428992308 ], [ 108.896555768729826, 34.370039699991189 ], [ 108.896553259566829, 34.37002764542666 ], [ 108.896546022434606, 34.370016985730111 ], [ 108.896516556915699, 34.369986996730532 ], [ 108.89651715151436, 34.369946488234376 ], [ 108.896521906328829, 34.369885943220424 ], [ 108.896527090639225, 34.369882185279664 ], [ 108.896685236835367, 34.36976969466258 ], [ 108.896685238058609, 34.369769693469784 ], [ 108.896685239666155, 34.369769692648795 ], [ 108.896740339674224, 34.369730492636521 ], [ 108.896749133900428, 34.369721913586027 ], [ 108.896754297627695, 34.369711500010659 ], [ 108.896755324648154, 34.369700272771574 ], [ 108.89675211428262, 34.369689332494417 ], [ 108.896744981250464, 34.36967975167304 ], [ 108.896713622352152, 34.369649516092714 ], [ 108.896657702770142, 34.36957541412427 ], [ 108.896663731431289, 34.36950817099568 ], [ 108.896695567284581, 34.369497757029073 ], [ 108.89674267557001, 34.369528691705995 ], [ 108.896748618790085, 34.369531972775448 ], [ 108.89685791881378, 34.369582072796682 ], [ 108.896875013299365, 34.369586416603944 ], [ 108.896977109206134, 34.369594034322134 ], [ 108.89704967045067, 34.369622893914112 ], [ 108.897072135553259, 34.369644936484605 ], [ 108.897105658770329, 34.369701457206013 ] ], [ [ 108.897395055738244, 34.37048861980945 ], [ 108.897468458718222, 34.370434708546796 ], [ 108.897538674972338, 34.370403501324674 ], [ 108.897594364301597, 34.370402166562364 ], [ 108.897648909921884, 34.37042069713312 ], [ 108.897695617350379, 34.370467056014917 ], [ 108.89770445562624, 34.370473704880588 ], [ 108.897715144719513, 34.370478104628972 ], [ 108.897936474064878, 34.370539481729466 ], [ 108.897775587758261, 34.370960895107913 ], [ 108.89700034649583, 34.370733462137395 ], [ 108.89712660604701, 34.370435126655316 ], [ 108.897352936761337, 34.370495911615976 ], [ 108.897367722717334, 34.37049764197247 ], [ 108.897382340008704, 34.370495111368299 ], [ 108.897395055738244, 34.37048861980945 ] ], [ [ 108.898055986158369, 34.374016080090016 ], [ 108.89806963939381, 34.374015041426745 ], [ 108.898082219391796, 34.374010520900072 ], [ 108.898092468974824, 34.374002970267171 ], [ 108.898099363855138, 34.373993144097703 ], [ 108.898256348638256, 34.373655754713354 ], [ 108.898742272013223, 34.373781419705111 ], [ 108.898906968158173, 34.373829982685535 ], [ 108.898920095248499, 34.373832042507509 ], [ 108.898933355637098, 34.373830691719618 ], [ 108.898945491035235, 34.373826058499041 ], [ 108.898955349905762, 34.373818582495545 ], [ 108.898961996733718, 34.373808973112716 ], [ 108.898972570204663, 34.373786104896503 ], [ 108.900507468023847, 34.374245834226699 ], [ 108.900248623824922, 34.37476458333937 ], [ 108.899120302636732, 34.374382827658401 ], [ 108.897419251883392, 34.373807269544088 ], [ 108.897577721582692, 34.37385746649187 ], [ 108.898042624116997, 34.374013533091571 ], [ 108.898055986158369, 34.374016080090016 ] ], [ [ 108.898949551406048, 34.373704387108795 ], [ 108.898949127561934, 34.373704424197477 ], [ 108.898948708999484, 34.37370435760549 ], [ 108.898942390088507, 34.373705013763143 ], [ 108.898936056988433, 34.373705567943588 ], [ 108.898935667711186, 34.373705711816505 ], [ 108.898935244816712, 34.373705755729958 ], [ 108.898929479715491, 34.373707998836515 ], [ 108.898923663114005, 34.373710148592615 ], [ 108.898923346508653, 34.373710385166504 ], [ 108.898922960678064, 34.373710535286847 ], [ 108.898918313713835, 34.37371414577197 ], [ 108.898913582980484, 34.373717680670445 ], [ 108.89891337003867, 34.373717986787724 ], [ 108.898913059039486, 34.373718228420231 ], [ 108.898909985089375, 34.373722852865264 ], [ 108.898906803301031, 34.373727426885466 ], [ 108.898896154114823, 34.373750458834579 ], [ 108.898811106048427, 34.37372538122235 ], [ 108.898937665941787, 34.373423507953774 ], [ 108.898940064403305, 34.373412307258576 ], [ 108.898938123456148, 34.373401045796697 ], [ 108.89893203732943, 34.373390850485031 ], [ 108.898922415053534, 34.373382741552092 ], [ 108.898910219514917, 34.373377530445509 ], [ 108.897334906552274, 34.372948998744654 ], [ 108.897335831076845, 34.372921174493683 ], [ 108.897336832803134, 34.372908531010793 ], [ 108.897615049620342, 34.372981060056489 ], [ 108.898421417637508, 34.373225247589275 ], [ 108.899318295184557, 34.373501156155498 ], [ 108.900670302551035, 34.373949916574944 ], [ 108.900668065657783, 34.373954545032291 ], [ 108.900542250452744, 34.374179780564134 ], [ 108.898962035260055, 34.373706477771542 ], [ 108.898955781077873, 34.373705482751056 ], [ 108.898949551406048, 34.373704387108795 ] ], [ [ 108.900969394965131, 34.374049191913414 ], [ 108.901410233485606, 34.374221138913867 ], [ 108.901974751746664, 34.374441470341615 ], [ 108.902351090785046, 34.374639729170759 ], [ 108.902573317604777, 34.374856794807357 ], [ 108.902655494885451, 34.374960430620874 ], [ 108.902720635281668, 34.375077042406822 ], [ 108.902760031376971, 34.375294104039845 ], [ 108.902731033670932, 34.37549086667125 ], [ 108.902676323055488, 34.375617813509699 ], [ 108.901012250792121, 34.375032603263286 ], [ 108.900328711333401, 34.374792211877178 ], [ 108.900604632763702, 34.374239237037678 ], [ 108.900747254737141, 34.373983913580354 ], [ 108.900747569034991, 34.373982995793028 ], [ 108.900748158856643, 34.373982176603235 ], [ 108.900750831840199, 34.373976645799708 ], [ 108.900969394965131, 34.374049191913414 ] ], [ [ 108.899350018442178, 34.373434214333301 ], [ 108.89934898608243, 34.373433884268941 ], [ 108.898451486365417, 34.373157784407006 ], [ 108.898451278134658, 34.373157720849562 ], [ 108.897643878391563, 34.372913220972592 ], [ 108.897642007870843, 34.372912694240519 ], [ 108.897350222217696, 34.372836627913458 ], [ 108.897354897761829, 34.372819032330789 ], [ 108.897385376383355, 34.372746671829518 ], [ 108.899024409810735, 34.373253390827799 ], [ 108.899602785365886, 34.373441355427452 ], [ 108.900729181440539, 34.373828279786828 ], [ 108.900724187520112, 34.373838527959663 ], [ 108.900724148857762, 34.373838607573141 ], [ 108.900702587099389, 34.373883160894692 ], [ 108.899350018442178, 34.373434214333301 ] ], [ [ 108.899389341195715, 34.375287801159466 ], [ 108.898051041616782, 34.374874401365879 ], [ 108.898049148686397, 34.374873857566378 ], [ 108.896886749080323, 34.374564657729856 ], [ 108.896886686928966, 34.374564641239914 ], [ 108.895589185251282, 34.374221273183259 ], [ 108.895221179279858, 34.37411571490847 ], [ 108.895220086066715, 34.374115414744757 ], [ 108.892540107384875, 34.373412134016213 ], [ 108.892347606198669, 34.373333613809926 ], [ 108.892065152400178, 34.373184102685457 ], [ 108.891894644587467, 34.373071433641712 ], [ 108.891753089091281, 34.372931296605749 ], [ 108.891682358017121, 34.372753291863901 ], [ 108.891667969826074, 34.37255281785599 ], [ 108.891706868510013, 34.372345677023517 ], [ 108.891826157964644, 34.372139614110687 ], [ 108.891949375167201, 34.372033987511927 ], [ 108.900255538340673, 34.374844602859163 ], [ 108.902635884134966, 34.375681717217986 ], [ 108.902520359585139, 34.375821113570552 ], [ 108.902376178865808, 34.375945637592075 ], [ 108.902135182681647, 34.376057552648689 ], [ 108.901900776077582, 34.376110217539022 ], [ 108.901690810920101, 34.376113095094432 ], [ 108.901378933379888, 34.376075120634447 ], [ 108.901138158671955, 34.375996617753188 ], [ 108.900442908824445, 34.375719375826343 ], [ 108.899393418508055, 34.375289261843875 ], [ 108.899391286262968, 34.375288711101014 ], [ 108.899389341195715, 34.375287801159466 ] ], [ [ 108.897724546661493, 34.37382697235936 ], [ 108.897787346677106, 34.373792072348124 ], [ 108.897797768391385, 34.373783917792849 ], [ 108.897804416592606, 34.373773392507509 ], [ 108.897863556065857, 34.37362366497922 ], [ 108.898048837000886, 34.373670968978878 ], [ 108.898062499667802, 34.373672553605246 ], [ 108.898076071306676, 34.373670500451411 ], [ 108.898088178740096, 34.373665017255206 ], [ 108.89809759693928, 34.373656658805842 ], [ 108.898103372972699, 34.373646270810291 ], [ 108.898115851879723, 34.373609212191298 ], [ 108.898121993385914, 34.37360546393667 ], [ 108.898147278656822, 34.373611001214542 ], [ 108.898177085730993, 34.373626289221718 ], [ 108.898034306721001, 34.373933147332046 ], [ 108.897721542369709, 34.373828153288365 ], [ 108.897724546661493, 34.37382697235936 ] ], [ [ 108.897217049505102, 34.373298989000027 ], [ 108.897228872328114, 34.373304242319819 ], [ 108.897307037001099, 34.373326926725184 ], [ 108.897305629530067, 34.373334315065733 ], [ 108.897307757844004, 34.373345426985352 ], [ 108.897313923228779, 34.373355449718758 ], [ 108.89732352217483, 34.373363402170519 ], [ 108.897335615070446, 34.373368505898561 ], [ 108.897349018178062, 34.373370261313795 ], [ 108.897362419506564, 34.373368496583609 ], [ 108.897374507238908, 34.373363384452155 ], [ 108.897384098142609, 34.373355425330949 ], [ 108.897390253392899, 34.373345398314896 ], [ 108.897401953380722, 34.373315498309779 ], [ 108.89740407008405, 34.373304549897568 ], [ 108.897402063525732, 34.37329358723504 ], [ 108.897396124473929, 34.373283652559508 ], [ 108.897386817564609, 34.373275690375614 ], [ 108.897375027620441, 34.373270457659892 ], [ 108.897297725260742, 34.373248023547838 ], [ 108.897351989221221, 34.373111560695605 ], [ 108.897354110217805, 34.3730984069363 ], [ 108.897353319910195, 34.373095708648634 ], [ 108.897356800635833, 34.373092991403666 ], [ 108.897363442725734, 34.373082576922187 ], [ 108.897378042711111, 34.373046276915886 ], [ 108.897379931522451, 34.373036941762699 ], [ 108.898841241069036, 34.373434461100871 ], [ 108.898728823128408, 34.373702601952132 ], [ 108.898248650447286, 34.373578424032573 ], [ 108.898187415691226, 34.373547016833477 ], [ 108.898175674944142, 34.373542830873959 ], [ 108.89812407496288, 34.373531530880378 ], [ 108.898111293255397, 34.373530366510622 ], [ 108.898098661573698, 34.373532360755156 ], [ 108.898087290263177, 34.373537338316581 ], [ 108.898052390270607, 34.373558638309774 ], [ 108.898042409691925, 34.373567167997038 ], [ 108.898036327059771, 34.373577929183853 ], [ 108.898031802745578, 34.373591365013894 ], [ 108.897848363064838, 34.373544531049696 ], [ 108.89783508392189, 34.373542941211177 ], [ 108.897821854167702, 34.373544792616876 ], [ 108.897809939884326, 34.373549908087867 ], [ 108.897800481264142, 34.373557798075538 ], [ 108.897794383494286, 34.373567707510979 ], [ 108.897726635948743, 34.373739228400545 ], [ 108.897681616506304, 34.373764247162633 ], [ 108.897595204293893, 34.373786012042537 ], [ 108.897075422701263, 34.373621364771495 ], [ 108.897215087493962, 34.373297305674043 ], [ 108.897217049505102, 34.373298989000027 ] ], [ [ 108.896318934062407, 34.372746040930394 ], [ 108.897246602849933, 34.37300056299577 ], [ 108.897246369983648, 34.373010498416718 ], [ 108.897164649902052, 34.372988757998364 ], [ 108.897151415316841, 34.372987038691619 ], [ 108.897138179270712, 34.372988750247309 ], [ 108.897126204537798, 34.372993729375729 ], [ 108.897116633558241, 34.373001501046943 ], [ 108.897110379444655, 34.373011323810701 ], [ 108.897077879413487, 34.373089823796818 ], [ 108.897075535577457, 34.373100905855253 ], [ 108.897077436552863, 34.373112046073416 ], [ 108.897083396260555, 34.373122153969085 ], [ 108.89709283132413, 34.373130240110569 ], [ 108.897104818173887, 34.373135512969334 ], [ 108.897118183452761, 34.373137456400585 ], [ 108.897131618872606, 34.373135880167347 ], [ 108.89714380927937, 34.373130938562383 ], [ 108.897153561389914, 34.373123115304843 ], [ 108.897159920599449, 34.373113176190365 ], [ 108.897178620553447, 34.373068008580319 ], [ 108.897217356283647, 34.373078313644932 ], [ 108.89699476002933, 34.373594795959853 ], [ 108.895961134525251, 34.373242047836257 ], [ 108.896163939507275, 34.37271339803781 ], [ 108.896318934062407, 34.372746040930394 ] ], [ [ 108.892293855728909, 34.371991736435945 ], [ 108.892281322067817, 34.371996046944524 ], [ 108.892271008278541, 34.372003357986685 ], [ 108.892263923946174, 34.372012953907266 ], [ 108.892260762535045, 34.372023895391415 ], [ 108.892261833507575, 34.372035111410845 ], [ 108.892267032031171, 34.372045504063486 ], [ 108.892275849239326, 34.372054056043694 ], [ 108.892287422042685, 34.372059930223408 ], [ 108.894639237872525, 34.372866573727059 ], [ 108.892025932969418, 34.371982214320091 ], [ 108.892226554661775, 34.371884161259572 ], [ 108.89254940946212, 34.371806010678057 ], [ 108.893016495459847, 34.371802206110296 ], [ 108.893448460880492, 34.371894784209204 ], [ 108.897251664453819, 34.372886328110781 ], [ 108.897249223031153, 34.372917142614 ], [ 108.897249146195861, 34.372918509580877 ], [ 108.897248915912456, 34.372925439920536 ], [ 108.896344724566816, 34.372677359277311 ], [ 108.896341776787281, 34.372676645446006 ], [ 108.896146529413059, 34.372635525024222 ], [ 108.893339173465762, 34.371942633471271 ], [ 108.893325722951005, 34.371941149923089 ], [ 108.893312377865499, 34.371943185417429 ], [ 108.893300444517493, 34.371948540706015 ], [ 108.893291091025276, 34.371956691576408 ], [ 108.893285232973781, 34.371966840165285 ], [ 108.89328344379075, 34.37197799305865 ], [ 108.89328589861536, 34.371989058533941 ], [ 108.893292357153939, 34.371998953425205 ], [ 108.893302187200746, 34.372006709151101 ], [ 108.893314426522409, 34.372011566526432 ], [ 108.896080276030972, 34.37269421456169 ], [ 108.895880673640818, 34.373214514930687 ], [ 108.892320577942641, 34.371993469773045 ], [ 108.89230738238092, 34.371990848403151 ], [ 108.892293855728909, 34.371991736435945 ] ], [ [ 108.89719094549524, 34.372495728202452 ], [ 108.897200947950125, 34.37248614569485 ], [ 108.897271417352343, 34.372467332596749 ], [ 108.897307837989786, 34.372467178924211 ], [ 108.897326648510543, 34.372470207244525 ], [ 108.897337220472792, 34.372476481662652 ], [ 108.897347183027918, 34.372488712925787 ], [ 108.897313909542561, 34.372568696445306 ], [ 108.897262685449107, 34.372552818056342 ], [ 108.897224464663552, 34.372538602311117 ], [ 108.897195621941236, 34.37251871780618 ], [ 108.897189400370408, 34.372504350022759 ], [ 108.89719094549524, 34.372495728202452 ] ], [ [ 108.903561788261911, 34.375575204815291 ], [ 108.904175888463456, 34.37575040490546 ], [ 108.90417630939821, 34.375750522998864 ], [ 108.904223661580914, 34.375763583888137 ], [ 108.904079272169909, 34.3760633813882 ], [ 108.903241843332054, 34.375817943981929 ], [ 108.903264298567038, 34.375705814258311 ], [ 108.903483231551405, 34.375515570228266 ], [ 108.90354533580448, 34.375566714903705 ], [ 108.903561788261911, 34.375575204815291 ] ], [ [ 108.904587526326395, 34.375682686621047 ], [ 108.904587549627379, 34.375671435374862 ], [ 108.904583378508875, 34.375660728833694 ], [ 108.904575421270437, 34.375651615028112 ], [ 108.904564456822541, 34.375644986080275 ], [ 108.904551558441582, 34.37564149087715 ], [ 108.904537988709691, 34.375641471553038 ], [ 108.904525075925037, 34.375644929999346 ], [ 108.904514084079693, 34.375651527679565 ], [ 108.904506089131175, 34.375660618767363 ], [ 108.904501873681312, 34.375671313364407 ], [ 108.904485099118901, 34.375758162141068 ], [ 108.904362149481841, 34.375724911136274 ], [ 108.904361676047301, 34.375724785582456 ], [ 108.904294334313008, 34.375707278724427 ], [ 108.90420390142242, 34.375682335151538 ], [ 108.90359941134075, 34.375509876877956 ], [ 108.903539912871224, 34.375460878169619 ], [ 108.903636235482466, 34.375355754832221 ], [ 108.903642480238005, 34.37534624459272 ], [ 108.903776780202293, 34.375038744430412 ], [ 108.904320279915041, 34.375192669239176 ], [ 108.904332896492022, 34.375311065100426 ], [ 108.904335710406073, 34.375321004596032 ], [ 108.904341779797633, 34.375329887837367 ], [ 108.904350615463287, 34.375336998818312 ], [ 108.904361505232004, 34.375341764380124 ], [ 108.905270903756204, 34.375611205393938 ], [ 108.905163610462154, 34.375862907830687 ], [ 108.905133726887613, 34.375932900844525 ], [ 108.905129084304065, 34.375942835968232 ], [ 108.904568474940319, 34.375781323940231 ], [ 108.904587526326395, 34.375682686621047 ] ], [ [ 108.903408564463717, 34.375353200706449 ], [ 108.903285934730761, 34.37525603724923 ], [ 108.903190936510086, 34.375151237681045 ], [ 108.903145414378983, 34.375052463348844 ], [ 108.903144532084397, 34.37505069199721 ], [ 108.90301843198435, 34.374815492029981 ], [ 108.903018126580463, 34.374814935201215 ], [ 108.902915426504421, 34.374631835228101 ], [ 108.902913329432408, 34.374628551615437 ], [ 108.902868929411355, 34.374566951627365 ], [ 108.902861441318905, 34.374559225400041 ], [ 108.902773241316396, 34.374490325421682 ], [ 108.902767110602838, 34.374486334148472 ], [ 108.902660810619722, 34.374429134170889 ], [ 108.902656505146965, 34.374427097391354 ], [ 108.902355276149592, 34.3743029459186 ], [ 108.902359207601648, 34.374293880438941 ], [ 108.902502082153234, 34.373965159994768 ], [ 108.902833056967864, 34.374064390093068 ], [ 108.902873216025469, 34.374076606315569 ], [ 108.902892484594247, 34.37411140480144 ], [ 108.902899027150767, 34.3741198584488 ], [ 108.902908134317954, 34.37412648196154 ], [ 108.902919095590917, 34.374130758599136 ], [ 108.902931055814193, 34.374132354714938 ], [ 108.903058253005426, 34.374134407865824 ], [ 108.903549183772853, 34.374197240654681 ], [ 108.90356428852094, 34.374196966063515 ], [ 108.90357836320301, 34.374192412004021 ], [ 108.903589699882588, 34.374184131102702 ], [ 108.903596922875764, 34.374173128231341 ], [ 108.90360958511701, 34.374141803338127 ], [ 108.904018317473032, 34.374265055983429 ], [ 108.903969060519699, 34.374381827406197 ], [ 108.903901936205258, 34.374540947814687 ], [ 108.903854518055653, 34.374649660045591 ], [ 108.903709721971296, 34.374981050730995 ], [ 108.903563168772351, 34.375316606008973 ], [ 108.903477739796273, 34.375409840322533 ], [ 108.903409076938814, 34.375353613505553 ], [ 108.903408564463717, 34.375353200706449 ] ], [ [ 108.902001005173474, 34.374181970121498 ], [ 108.902015502104248, 34.374151176611079 ], [ 108.902017922726145, 34.374143800546591 ], [ 108.902055216462955, 34.373951194454101 ], [ 108.902101930555901, 34.373912057489392 ], [ 108.902178598859948, 34.373904637974469 ], [ 108.902269473359013, 34.373900176206419 ], [ 108.902397777324765, 34.373932205510705 ], [ 108.902420917879908, 34.373939762354148 ], [ 108.902277597609441, 34.374269507590029 ], [ 108.90227579620263, 34.374273661417185 ], [ 108.902000820554065, 34.374182362730394 ], [ 108.902001005173474, 34.374181970121498 ] ], [ [ 108.902018187081239, 34.37376254682561 ], [ 108.902009300873914, 34.373755869805976 ], [ 108.901606771176588, 34.373528733744784 ], [ 108.901547802412637, 34.373458085616406 ], [ 108.90155257713829, 34.373399979256085 ], [ 108.901566297564941, 34.373313806804347 ], [ 108.901565099154936, 34.373299507290774 ], [ 108.901541399120077, 34.37322850729592 ], [ 108.901532441244427, 34.37321461154955 ], [ 108.901473041234581, 34.373157511564933 ], [ 108.901467506699433, 34.3731530612231 ], [ 108.901421947257518, 34.373122446876749 ], [ 108.90143742403103, 34.373085448480474 ], [ 108.901483439140407, 34.373056106688566 ], [ 108.901491158162472, 34.373049759468365 ], [ 108.901539658157859, 34.372998359454115 ], [ 108.901547634760789, 34.3729847231523 ], [ 108.901561575067333, 34.37293734263379 ], [ 108.901630272990715, 34.372879987842474 ], [ 108.901690309035374, 34.372868429655306 ], [ 108.901698135416311, 34.372866254268608 ], [ 108.901782135445941, 34.372835254258902 ], [ 108.9017940885455, 34.372828692835412 ], [ 108.901873188553665, 34.372767492816642 ], [ 108.901880900566226, 34.372759548084716 ], [ 108.901966871581351, 34.372639386232514 ], [ 108.902037809383586, 34.372558435873017 ], [ 108.90211862231827, 34.372500845035063 ], [ 108.902197699391735, 34.372459047155068 ], [ 108.902267041992332, 34.372455086711042 ], [ 108.902387531465791, 34.37255307407451 ], [ 108.90239315125217, 34.372556931652014 ], [ 108.902459337692449, 34.372595066788016 ], [ 108.902499483402991, 34.3726408199201 ], [ 108.902557477702842, 34.372832307219511 ], [ 108.902583523336276, 34.37294039230251 ], [ 108.902557896198743, 34.372996253649355 ], [ 108.902462714732309, 34.373041261250556 ], [ 108.902449685256926, 34.373050723645896 ], [ 108.902397285250899, 34.373107823630285 ], [ 108.90239069471528, 34.373118129743659 ], [ 108.902262194588573, 34.373434729688356 ], [ 108.902261789772453, 34.373435780079532 ], [ 108.902178689677299, 34.373663380042309 ], [ 108.902177157809419, 34.373669381064104 ], [ 108.902168257779991, 34.373728981058314 ], [ 108.902168189553166, 34.373737335231326 ], [ 108.902174721545975, 34.373786532082399 ], [ 108.902146154321116, 34.37383536656499 ], [ 108.902093939306198, 34.373840419631513 ], [ 108.902045733473628, 34.373810519817383 ], [ 108.902024528386193, 34.37377098633462 ], [ 108.902018187081239, 34.37376254682561 ] ], [ [ 108.901169596590123, 34.373078250140331 ], [ 108.901101296618663, 34.373091250137357 ], [ 108.90108488786916, 34.373097586833516 ], [ 108.901032587879769, 34.373130286823063 ], [ 108.901021211697852, 34.373140916695192 ], [ 108.900977711682955, 34.373202916680285 ], [ 108.900976114408124, 34.3732054142232 ], [ 108.900942128886555, 34.373264009920426 ], [ 108.900909376867503, 34.373269102840368 ], [ 108.90086817486582, 34.373228818015349 ], [ 108.90080380261, 34.373157041011829 ], [ 108.900796228732474, 34.373150508989291 ], [ 108.900710479843539, 34.37309316044734 ], [ 108.900703323972223, 34.373079809579785 ], [ 108.900847857299155, 34.373020422089915 ], [ 108.900852027180065, 34.37301846370238 ], [ 108.901030527226936, 34.372923463671661 ], [ 108.901034322945208, 34.372921194836991 ], [ 108.901192122972759, 34.372815694803634 ], [ 108.901195748595939, 34.372812977532803 ], [ 108.901296950386993, 34.372728063769465 ], [ 108.901457675392336, 34.372854736872995 ], [ 108.901477596716532, 34.372919306875374 ], [ 108.901465581031474, 34.372960145831506 ], [ 108.90142621786579, 34.373001862653751 ], [ 108.901374348537502, 34.373034937405748 ], [ 108.901302617344555, 34.373080196375462 ], [ 108.901180517738894, 34.373077352713523 ], [ 108.901169596590123, 34.373078250140331 ] ], [ [ 108.901371773802964, 34.372661220641021 ], [ 108.901493573789182, 34.372528920604786 ], [ 108.901497488548202, 34.372523834062548 ], [ 108.901613388497012, 34.372341034020913 ], [ 108.901615642306837, 34.372336852442601 ], [ 108.901693042241391, 34.372164552410553 ], [ 108.901694537395358, 34.37216051280496 ], [ 108.901737937329315, 34.372012812783858 ], [ 108.901738621517509, 34.372010001083424 ], [ 108.901743796067834, 34.371983278727647 ], [ 108.902217808349619, 34.372121209915768 ], [ 108.902179174544912, 34.372214635998013 ], [ 108.902177507476893, 34.372219967997445 ], [ 108.902165707450976, 34.372274667990922 ], [ 108.902165620054063, 34.372286912582055 ], [ 108.902175558943313, 34.372336354476808 ], [ 108.902147904283225, 34.372400073778557 ], [ 108.902069386892265, 34.372441575817959 ], [ 108.902064431063522, 34.372444627277929 ], [ 108.901977431076105, 34.372506627258545 ], [ 108.901970613921833, 34.372512760985856 ], [ 108.901895513910517, 34.372598460962884 ], [ 108.901893299479354, 34.372601251934839 ], [ 108.901809469206199, 34.372718421545571 ], [ 108.901740225018386, 34.372771996052307 ], [ 108.901666652382929, 34.372799147858039 ], [ 108.901605997048179, 34.37281082527327 ], [ 108.901516123409223, 34.372801572397854 ], [ 108.901356371507262, 34.37267566631597 ], [ 108.901369631248841, 34.372663369742327 ], [ 108.901371773802964, 34.372661220641021 ] ], [ [ 108.90293380728869, 34.372755118203372 ], [ 108.902825032905355, 34.373007095288223 ], [ 108.902809514160452, 34.37304061778827 ], [ 108.902799164815903, 34.373037730048566 ], [ 108.90272465055952, 34.373003906181154 ], [ 108.90266949479701, 34.372930083658808 ], [ 108.902642329791362, 34.372817353854707 ], [ 108.902641864351679, 34.372815641098036 ], [ 108.902581564252557, 34.372616541110361 ], [ 108.902574570496995, 34.372604143136506 ], [ 108.90252517048215, 34.372547843149626 ], [ 108.902514848720216, 34.372539468325556 ], [ 108.902445654967465, 34.372499600468423 ], [ 108.902315904746459, 34.372394081910478 ], [ 108.902287856650204, 34.372364347392626 ], [ 108.902261665976752, 34.372327250850674 ], [ 108.902252411919832, 34.372281215957706 ], [ 108.90226230596582, 34.372235351076505 ], [ 108.902299577246055, 34.372145219707811 ], [ 108.903091672065472, 34.372379857446816 ], [ 108.90293380728869, 34.372755118203372 ] ], [ [ 108.904430103285932, 34.373288922064177 ], [ 108.903918393825336, 34.373139684604652 ], [ 108.903867139043911, 34.373002087444512 ], [ 108.903861207235707, 34.372992049769373 ], [ 108.903851844885608, 34.372984007223849 ], [ 108.903839956540651, 34.372978736840729 ], [ 108.903029944499323, 34.372744966240376 ], [ 108.903173059398, 34.372404766534487 ], [ 108.904611528983182, 34.372858761082519 ], [ 108.904430103285932, 34.373288922064177 ] ], [ [ 108.906200921739696, 34.373310506740417 ], [ 108.906208863231299, 34.373320399100095 ], [ 108.90624686322721, 34.373353999109739 ], [ 108.906258352534124, 34.373361245943961 ], [ 108.906274632650181, 34.373368327137321 ], [ 108.906074154743422, 34.373854339137431 ], [ 108.905933351808315, 34.374181613169299 ], [ 108.90578157408045, 34.374534126492044 ], [ 108.905752778891625, 34.374494381547287 ], [ 108.905743138468793, 34.374485117558585 ], [ 108.905730309971545, 34.374479069891322 ], [ 108.905213092333, 34.374324453279527 ], [ 108.905363095225454, 34.373926630872631 ], [ 108.90536506845072, 34.373915499193537 ], [ 108.905362796469689, 34.373904406748878 ], [ 108.905356501681183, 34.373894439344348 ], [ 108.905346800264184, 34.373886572658478 ], [ 108.905334641860975, 34.373881576736608 ], [ 108.905321216619996, 34.373879940613769 ], [ 108.905307838695805, 34.373881824444723 ], [ 108.905295817611318, 34.37388704382704 ], [ 108.905286330072897, 34.373895087851714 ], [ 108.905280304786729, 34.373905169114224 ], [ 108.905131268491132, 34.374300427028089 ], [ 108.904210039105038, 34.374034438947859 ], [ 108.904247086660305, 34.373940423266731 ], [ 108.904356637581927, 34.373680776307879 ], [ 108.904497636787113, 34.373346677820649 ], [ 108.90469335492844, 34.372882628608707 ], [ 108.906186106137085, 34.373283094591507 ], [ 108.906200921739696, 34.373310506740417 ] ], [ [ 108.90481025466039, 34.372708274566513 ], [ 108.90620712496036, 34.373120890858551 ], [ 108.906185127289206, 34.373153575635243 ], [ 108.906180523513711, 34.373163834765677 ], [ 108.906170689204572, 34.373203364754232 ], [ 108.904731592756178, 34.372817292869975 ], [ 108.90481025466039, 34.372708274566513 ] ], [ [ 108.903238661192376, 34.372250586368764 ], [ 108.904183821968218, 34.372525027943361 ], [ 108.904726843450717, 34.372683787043634 ], [ 108.904647848566512, 34.372793266661347 ], [ 108.903201820231914, 34.372336886694029 ], [ 108.903238661192376, 34.372250586368764 ] ], [ [ 108.905369937470738, 34.371412303288004 ], [ 108.906868691196848, 34.371892777789704 ], [ 108.906746248750707, 34.372197844220153 ], [ 108.906603448427688, 34.372553644606882 ], [ 108.90640526238829, 34.373047504976626 ], [ 108.906390716753023, 34.373045382557315 ], [ 108.906377188222422, 34.373045185491478 ], [ 108.90632548824459, 34.373051185490858 ], [ 108.906312623033344, 34.373054423308844 ], [ 108.906282060295368, 34.373066674473712 ], [ 108.904846581847877, 34.372642654401588 ], [ 108.905369937470738, 34.371412303288004 ] ], [ [ 108.904265428996126, 34.372434502910394 ], [ 108.904267382608893, 34.372421314056623 ], [ 108.904263426698435, 34.372408437311556 ], [ 108.903929482434151, 34.371812939032054 ], [ 108.903930068413587, 34.371812655330054 ], [ 108.903938872318619, 34.371807024433451 ], [ 108.903945660293246, 34.371799722523413 ], [ 108.903984360280006, 34.371744722510158 ], [ 108.903988421015669, 34.371736988221642 ], [ 108.904014220986028, 34.371666088210077 ], [ 108.904015665154034, 34.371650798370901 ], [ 108.904008165130563, 34.371605598371502 ], [ 108.904004082487589, 34.371594569776583 ], [ 108.903989018871513, 34.371569290635719 ], [ 108.904271358081189, 34.371461357932013 ], [ 108.904272370125241, 34.371460957813092 ], [ 108.904751570284631, 34.371265157750678 ], [ 108.904764473136851, 34.371257106681213 ], [ 108.904772929584695, 34.371245699762078 ], [ 108.904777042163914, 34.371236746329686 ], [ 108.905288601918457, 34.371387286398928 ], [ 108.904764823860745, 34.372618627925888 ], [ 108.904252277264547, 34.372468778718094 ], [ 108.904265428996126, 34.372434502910394 ] ], [ [ 108.903313821311428, 34.372174889581515 ], [ 108.903320528139602, 34.372168215812842 ], [ 108.903325109231034, 34.372160403214309 ], [ 108.903504315391459, 34.371728657940722 ], [ 108.90359114532005, 34.3717533208888 ], [ 108.903601186301302, 34.371755107230705 ], [ 108.903654386323353, 34.371759207234462 ], [ 108.903665620423794, 34.371758859686878 ], [ 108.903694538209081, 34.371754811200724 ], [ 108.903701976361447, 34.371760542764747 ], [ 108.903711145838869, 34.371765955173956 ], [ 108.903814845862641, 34.371811655193667 ], [ 108.903824440919621, 34.371814737425822 ], [ 108.903834641627384, 34.371815858589891 ], [ 108.903835466030912, 34.371815867391476 ], [ 108.904177646137967, 34.372426053413712 ], [ 108.904170404450525, 34.372444926520174 ], [ 108.903293911996059, 34.372190423847591 ], [ 108.903313821311428, 34.372174889581515 ] ], [ [ 108.903872621130034, 34.371637302613863 ], [ 108.903877551413288, 34.371611848535203 ], [ 108.903910204832201, 34.371599390549868 ], [ 108.903923195486314, 34.371621190969279 ], [ 108.903928444647718, 34.371652826014937 ], [ 108.90390685857615, 34.371712145797183 ], [ 108.903887992473528, 34.371738958080819 ], [ 108.90385079215784, 34.371672662930287 ], [ 108.903867066262976, 34.371649995408163 ], [ 108.903872621130034, 34.371637302613863 ] ], [ [ 108.903861077709763, 34.371516336487005 ], [ 108.903853648401366, 34.371508309784041 ], [ 108.903788148397993, 34.371455109800316 ], [ 108.903781982928606, 34.371450947909047 ], [ 108.903695982941002, 34.371403047927487 ], [ 108.903686288199438, 34.371399004388394 ], [ 108.903652128192491, 34.371388965352629 ], [ 108.903837623939125, 34.370960372994517 ], [ 108.904688574285828, 34.371210716475638 ], [ 108.904234532791165, 34.371396236701777 ], [ 108.903912256838382, 34.371519436371699 ], [ 108.903868463471397, 34.371536144506607 ], [ 108.903865516409013, 34.371525761493501 ], [ 108.903861077709763, 34.371516336487005 ] ], [ [ 108.903523477469392, 34.371365429369625 ], [ 108.903519152270434, 34.371365078725546 ], [ 108.903457651986926, 34.371362662898804 ], [ 108.903177567534371, 34.370795991993838 ], [ 108.903173557240478, 34.370764912351568 ], [ 108.903755879454366, 34.370936317922819 ], [ 108.903567794243472, 34.371370892322723 ], [ 108.903523477469392, 34.371365429369625 ] ], [ [ 108.902534063853423, 34.371967788744463 ], [ 108.902322884708525, 34.371904292563819 ], [ 108.902322456400128, 34.371904165884672 ], [ 108.901764990648132, 34.371742011421496 ], [ 108.901765169728421, 34.371522224298545 ], [ 108.901764172883318, 34.371514534070016 ], [ 108.901710572780274, 34.371310834079786 ], [ 108.901708393221142, 34.3713049908947 ], [ 108.901654216482513, 34.371194164454053 ], [ 108.901778807503533, 34.371149509786477 ], [ 108.901788377072322, 34.37114478861816 ], [ 108.901796181422299, 34.371138202586984 ], [ 108.901825481418726, 34.371106102578217 ], [ 108.901831835267842, 34.371096278506577 ], [ 108.90210098816155, 34.37045853581678 ], [ 108.902711599115605, 34.37063260765531 ], [ 108.903067447871834, 34.370734061355527 ], [ 108.902814674227344, 34.371318764785649 ], [ 108.902534063853423, 34.371967788744463 ] ], [ [ 108.902138824144586, 34.370334355506394 ], [ 108.902141707833039, 34.370328422225192 ], [ 108.902152407820694, 34.370299122220402 ], [ 108.90215425395408, 34.370289650868756 ], [ 108.902158448218799, 34.37015816343547 ], [ 108.902168764480137, 34.370118072522395 ], [ 108.902197003685373, 34.370071160451069 ], [ 108.902197603313809, 34.370070123127896 ], [ 108.902227103296568, 34.370016923116665 ], [ 108.902231064992108, 34.370002387191214 ], [ 108.90223154420697, 34.369973058316383 ], [ 108.902323362978109, 34.370035474439469 ], [ 108.902431895571908, 34.370115199028476 ], [ 108.902486151855868, 34.370183019422591 ], [ 108.902528688995787, 34.370265971746662 ], [ 108.902530899064558, 34.370269675007677 ], [ 108.902576499040663, 34.370336175019865 ], [ 108.902578708606811, 34.370339067530324 ], [ 108.902670008576763, 34.370446867554669 ], [ 108.902671008127456, 34.370448000096459 ], [ 108.902703344299539, 34.370483177193726 ], [ 108.902708539669419, 34.370507358170364 ], [ 108.902704755882809, 34.370538168875008 ], [ 108.902698700187059, 34.370552875554452 ], [ 108.902120377586087, 34.370388008339404 ], [ 108.902123292761971, 34.370359574008368 ], [ 108.902138824144586, 34.370334355506394 ] ], [ [ 108.90148878225223, 34.370035829220711 ], [ 108.901529731989257, 34.36999771581732 ], [ 108.901600717790686, 34.369949395310279 ], [ 108.901601039838567, 34.36994917392542 ], [ 108.901756898906555, 34.369840975823607 ], [ 108.901783684515266, 34.369833611267126 ], [ 108.901825324413281, 34.369839812954503 ], [ 108.902025808346224, 34.369902451918797 ], [ 108.902031234967296, 34.369903818798512 ], [ 108.902094097635853, 34.369915994904758 ], [ 108.902133324102508, 34.369929977847029 ], [ 108.902144769506307, 34.369974822496964 ], [ 108.902144459456395, 34.369993796951292 ], [ 108.902119086511476, 34.370039554221272 ], [ 108.90208869631546, 34.370090039526566 ], [ 108.902085085736758, 34.370098595774394 ], [ 108.902072785714793, 34.370146395768096 ], [ 108.902071846118275, 34.370152949123607 ], [ 108.902067700402213, 34.37028291041792 ], [ 108.902059814548579, 34.370304504362323 ], [ 108.902042175862562, 34.370333144475609 ], [ 108.902037586727531, 34.370346453817845 ], [ 108.902035855420209, 34.370363340654549 ], [ 108.901418945002732, 34.370180783757405 ], [ 108.90147138810876, 34.370060990066271 ], [ 108.90148878225223, 34.370035829220711 ] ], [ [ 108.901733910254165, 34.371087247164411 ], [ 108.901617553243241, 34.371128950675583 ], [ 108.901531560120404, 34.370995365993132 ], [ 108.901529310948931, 34.370992259654919 ], [ 108.901376010892406, 34.370802859695914 ], [ 108.901371089162723, 34.370797826536773 ], [ 108.901160889145288, 34.370618626589703 ], [ 108.901154827886032, 34.370614330922407 ], [ 108.900917427915047, 34.370475230974506 ], [ 108.900907668971385, 34.370470941014382 ], [ 108.900863998976476, 34.370457320146478 ], [ 108.901007238291044, 34.370135238345561 ], [ 108.901348713098187, 34.370236366341345 ], [ 108.902019127674691, 34.370434756425972 ], [ 108.901752212271006, 34.371067196156226 ], [ 108.901733910254165, 34.371087247164411 ] ], [ [ 108.900867812299552, 34.371585331387905 ], [ 108.900919360511779, 34.371573811144785 ], [ 108.901194119923119, 34.371653256191415 ], [ 108.901677098399674, 34.37179272903235 ], [ 108.90167449935737, 34.371852164278891 ], [ 108.90167089019269, 34.371886031539788 ], [ 108.900866640283283, 34.371654919870764 ], [ 108.900854072071795, 34.371629678736227 ], [ 108.900857237632479, 34.371597326537177 ], [ 108.900867812299552, 34.371585331387905 ] ], [ [ 108.901016791371887, 34.371392482120704 ], [ 108.901017523826283, 34.371384047627714 ], [ 108.901013823791473, 34.371317347625954 ], [ 108.901011308344991, 34.371306824771018 ], [ 108.900982408314277, 34.37124022477812 ], [ 108.900981523696515, 34.37123835226766 ], [ 108.900955423674333, 34.371187352274369 ], [ 108.900948242864359, 34.371177818099554 ], [ 108.900904296922377, 34.371135865189004 ], [ 108.900854849049793, 34.371087613657231 ], [ 108.900845893308798, 34.371080998319826 ], [ 108.900774593319241, 34.371041498335096 ], [ 108.900768321659953, 34.371038615075854 ], [ 108.900688321681912, 34.371008715089673 ], [ 108.900681412237248, 34.371006695485718 ], [ 108.900642955578377, 34.37099840543712 ], [ 108.900835166526619, 34.370525170065342 ], [ 108.90087191942203, 34.370536633463658 ], [ 108.90110150234031, 34.370671153225381 ], [ 108.901306175406006, 34.370845641461557 ], [ 108.90145606996947, 34.371030834197896 ], [ 108.901558764584237, 34.371190363739998 ], [ 108.901626616269141, 34.371329164621095 ], [ 108.901678427100805, 34.371526065503289 ], [ 108.90167827140975, 34.371716907893543 ], [ 108.901222672034123, 34.371585341484042 ], [ 108.900980116691912, 34.371515208116747 ], [ 108.900992292814266, 34.371492961775232 ], [ 108.900995391415293, 34.371484882132158 ], [ 108.901016791371887, 34.371392482120704 ] ], [ [ 108.900388899273395, 34.371381239785251 ], [ 108.900332742919133, 34.371513251672589 ], [ 108.900217833686796, 34.371547589445711 ], [ 108.900077359428252, 34.371577453309989 ], [ 108.899937754572676, 34.371577829354251 ], [ 108.899800799443327, 34.371559782696153 ], [ 108.900305194294745, 34.370387220903012 ], [ 108.900753100565382, 34.370501880204607 ], [ 108.900545996636538, 34.371011781572058 ], [ 108.900388899273395, 34.371381239785251 ] ], [ [ 108.900940638859382, 34.370077116730712 ], [ 108.9007819276992, 34.370433987285288 ], [ 108.900334358146907, 34.370319414238537 ], [ 108.9005704848297, 34.369770345831149 ], [ 108.901016227485428, 34.36990208287947 ], [ 108.900940638859382, 34.370077116730712 ] ], [ [ 108.899576918602762, 34.369803125996491 ], [ 108.899578968659895, 34.369792130420748 ], [ 108.899576867299601, 34.36978114150611 ], [ 108.899570815673869, 34.369771211154209 ], [ 108.899561393068993, 34.369763289936621 ], [ 108.899549501453592, 34.369758136102483 ], [ 108.899470420067317, 34.369735945925001 ], [ 108.899538101127803, 34.369569275846104 ], [ 108.89957496688848, 34.369478378877879 ], [ 108.900488744887085, 34.369746284732095 ], [ 108.900251789509483, 34.37029727890166 ], [ 108.899557460848314, 34.370102146233165 ], [ 108.899473182237685, 34.370072858920402 ], [ 108.899576918602762, 34.369803125996491 ] ], [ [ 108.90042832786753, 34.371504770262327 ], [ 108.900456294354598, 34.371439026735551 ], [ 108.900674344321246, 34.371502506484191 ], [ 108.90042832786753, 34.371504770262327 ] ], [ [ 108.900603506662762, 34.371575085689194 ], [ 108.900773881136914, 34.371573517770329 ], [ 108.900771772316972, 34.371581391876106 ], [ 108.900767501900361, 34.371625035312171 ], [ 108.900603506662762, 34.371575085689194 ] ], [ [ 108.900480076122335, 34.372057629782937 ], [ 108.900349419823243, 34.372115980229879 ], [ 108.900191072463628, 34.372151660169564 ], [ 108.899996892397297, 34.372155747177615 ], [ 108.899817490110422, 34.3721256887682 ], [ 108.899647908335112, 34.372060595832366 ], [ 108.899501371911697, 34.371958105616649 ], [ 108.899428599758764, 34.371878279060645 ], [ 108.899373541285129, 34.371781643980455 ], [ 108.899342681715794, 34.371695125434357 ], [ 108.899337893758116, 34.371644408834158 ], [ 108.899542828649217, 34.37160765732073 ], [ 108.899736777175974, 34.371624171752657 ], [ 108.899927593292077, 34.371649315757892 ], [ 108.899934540852982, 34.371649761232277 ], [ 108.900083040916826, 34.371649361237786 ], [ 108.900093671083653, 34.371648234723921 ], [ 108.90024137114446, 34.37161683471605 ], [ 108.900245304040624, 34.371615831515953 ], [ 108.900366658520596, 34.371579567745108 ], [ 108.900780417297753, 34.371705590664789 ], [ 108.900742407912475, 34.37180763107289 ], [ 108.900631682374154, 34.371945919934213 ], [ 108.900480076122335, 34.372057629782937 ] ], [ [ 108.900838657124623, 34.371182881878518 ], [ 108.900878257018149, 34.371220685877361 ], [ 108.900901202399382, 34.371265521721476 ], [ 108.90092747679553, 34.371326071095837 ], [ 108.900930640241597, 34.371383099157164 ], [ 108.900911179545474, 34.371467125533691 ], [ 108.900897912389013, 34.371491365202402 ], [ 108.90048514188355, 34.371371197922741 ], [ 108.900614652137648, 34.371066617798967 ], [ 108.900656029798554, 34.371075537529507 ], [ 108.900729398261475, 34.371102958997696 ], [ 108.90079267186033, 34.371138012403286 ], [ 108.900838350923394, 34.371182586344972 ], [ 108.900838657124623, 34.371182881878518 ] ], [ [ 108.899116224211696, 34.373177497629442 ], [ 108.899221499106289, 34.373067695662371 ], [ 108.899405170888144, 34.373129148767902 ], [ 108.899407512757321, 34.37312986802165 ], [ 108.899529701711458, 34.37316411208694 ], [ 108.89950118989384, 34.373309737408519 ], [ 108.899500814269501, 34.373318816527949 ], [ 108.899502222565474, 34.373331424189423 ], [ 108.899101104327826, 34.373201065800089 ], [ 108.899101967714458, 34.373199723558706 ], [ 108.899101991529506, 34.373199686483169 ], [ 108.899116224211696, 34.373177497629442 ] ], [ [ 108.899614362747002, 34.373180535620826 ], [ 108.899763087199645, 34.373198678426043 ], [ 108.899766459467969, 34.373198978659801 ], [ 108.899927959535844, 34.373208078669784 ], [ 108.899931267273416, 34.373208160126829 ], [ 108.90003329189642, 34.373207443682638 ], [ 108.900033767938552, 34.373212371388114 ], [ 108.900036936083367, 34.373223272317233 ], [ 108.900060636062562, 34.373270672323301 ], [ 108.900071738433439, 34.373283668517971 ], [ 108.900112338433445, 34.373313868527767 ], [ 108.900125034814124, 34.373320436724185 ], [ 108.90018823483301, 34.37334163673443 ], [ 108.90019931107814, 34.373344003121161 ], [ 108.900688711278548, 34.373392903160152 ], [ 108.900704332302482, 34.373392105604317 ], [ 108.900799232341754, 34.373372605599563 ], [ 108.900802819686987, 34.373371730772455 ], [ 108.900903664058006, 34.373343167920304 ], [ 108.900956654467507, 34.373334927951831 ], [ 108.900985817803544, 34.37336010863357 ], [ 108.900995521608863, 34.373366394558907 ], [ 108.901074281960376, 34.373403851308659 ], [ 108.900969761249399, 34.373552045997684 ], [ 108.90096680386597, 34.373557111414691 ], [ 108.900857703780716, 34.373788611370365 ], [ 108.90085529185167, 34.373793735086444 ], [ 108.900802094220779, 34.373775474892561 ], [ 108.899645641474365, 34.373378226321833 ], [ 108.899588060346758, 34.37332001333084 ], [ 108.899587695024834, 34.373316742844615 ], [ 108.899614362747002, 34.373180535620826 ] ], [ [ 108.900414024523528, 34.37316450917708 ], [ 108.900417761005997, 34.373163720180123 ], [ 108.900584761072906, 34.373121820168578 ], [ 108.900588171082489, 34.373120834350907 ], [ 108.900624071739998, 34.373109043929034 ], [ 108.900635467183008, 34.373130304697014 ], [ 108.900640708480111, 34.373137609895309 ], [ 108.900647871243365, 34.373143690981102 ], [ 108.900737484080324, 34.373203623761761 ], [ 108.90079939735439, 34.373272658993876 ], [ 108.900801122319905, 34.373274459206101 ], [ 108.900818370051084, 34.373291323015742 ], [ 108.900776551231658, 34.373303167640827 ], [ 108.900691189986787, 34.373320707628004 ], [ 108.900215416856369, 34.373273169215359 ], [ 108.900164607077357, 34.373256125432341 ], [ 108.900136992280991, 34.37323558438402 ], [ 108.900121017487393, 34.37320363482916 ], [ 108.900238018736232, 34.373194606713227 ], [ 108.900242824451411, 34.373194009183258 ], [ 108.900414024523528, 34.37316450917708 ] ], [ [ 108.901427989070541, 34.373506946863472 ], [ 108.901437826648916, 34.37350740039652 ], [ 108.901481703060995, 34.373505277350439 ], [ 108.901540037219789, 34.373575165251395 ], [ 108.901551299051206, 34.3735844300992 ], [ 108.90195028987263, 34.373809569433476 ], [ 108.901967624590583, 34.373841887289345 ], [ 108.901971117465322, 34.373931807629546 ], [ 108.901933012160001, 34.374128604139855 ], [ 108.901920412865636, 34.374155366751573 ], [ 108.901149398878388, 34.373893706421811 ], [ 108.900935516041912, 34.373821119527356 ], [ 108.900938499259652, 34.373814782196142 ], [ 108.901046357200954, 34.373585917514404 ], [ 108.901152720879338, 34.373435109581933 ], [ 108.901338821953232, 34.373493625006745 ], [ 108.901346889038393, 34.373495446855692 ], [ 108.901427989070541, 34.373506946863472 ] ], [ [ 108.901053546213149, 34.373237860586009 ], [ 108.901091792286209, 34.373183348914068 ], [ 108.901129723110671, 34.373159633080533 ], [ 108.901183611860603, 34.373149376072028 ], [ 108.901307766871199, 34.373152267606514 ], [ 108.901348798396327, 34.373165869219321 ], [ 108.901409886544116, 34.373206918346689 ], [ 108.901460398424845, 34.373255474404125 ], [ 108.901479147959336, 34.373311643981943 ], [ 108.901466402398981, 34.373391693172067 ], [ 108.901466129624808, 34.373393955437734 ], [ 108.901462827089176, 34.373434145393986 ], [ 108.901437723403504, 34.373435360085942 ], [ 108.901365650882084, 34.373425140187301 ], [ 108.901152394464063, 34.373358086343316 ], [ 108.90104407389299, 34.373306571431357 ], [ 108.901023831297536, 34.373289093254009 ], [ 108.901053546213149, 34.373237860586009 ] ], [ [ 108.903120429556282, 34.37231200109612 ], [ 108.902287391009736, 34.372065234747915 ], [ 108.902287161221736, 34.372065167281349 ], [ 108.901755368704471, 34.371910422942392 ], [ 108.901761001578194, 34.371857565345387 ], [ 108.901761141429759, 34.3718557030585 ], [ 108.901762807746735, 34.371817596626556 ], [ 108.902293529033088, 34.371971971704149 ], [ 108.902545415358503, 34.372047707471438 ], [ 108.902545561648978, 34.372047750879915 ], [ 108.902545563757386, 34.372047751837975 ], [ 108.902545566136908, 34.372047752211607 ], [ 108.902545759293801, 34.372047809526677 ], [ 108.903156832630984, 34.372226726708597 ], [ 108.903120429556282, 34.37231200109612 ] ], [ [ 108.903274520969063, 34.37160821566583 ], [ 108.9032804629163, 34.371621280391878 ], [ 108.903291958260468, 34.371631483719611 ], [ 108.903334914825876, 34.3716571300914 ], [ 108.902663953689512, 34.371937038869426 ], [ 108.902634960178304, 34.371947549626455 ], [ 108.902881872187436, 34.37137646531761 ], [ 108.90327348707909, 34.371488295281026 ], [ 108.903263686104069, 34.37154389929271 ], [ 108.9032638209965, 34.371555015664448 ], [ 108.903274520969063, 34.37160821566583 ] ], [ [ 108.902699773674826, 34.372002549986817 ], [ 108.902701892110713, 34.372001724856382 ], [ 108.903420009814212, 34.371702143293312 ], [ 108.903423139128805, 34.371703223463356 ], [ 108.903246577068174, 34.372128597649159 ], [ 108.903201723207786, 34.372163594888278 ], [ 108.902678289843237, 34.372010338327769 ], [ 108.902699773674826, 34.372002549986817 ] ], [ [ 108.90291114521915, 34.371308755830491 ], [ 108.903109960263507, 34.370848866142957 ], [ 108.90337042521648, 34.371375843599097 ], [ 108.903351642248552, 34.37138118000837 ], [ 108.903340187026387, 34.371386119075538 ], [ 108.903330992951027, 34.37139363550915 ], [ 108.903305842816138, 34.371421466042534 ], [ 108.90291114521915, 34.371308755830491 ] ], [ [ 108.90377019581868, 34.371644318121319 ], [ 108.903693247504464, 34.371682050803621 ], [ 108.903656769233123, 34.371687157762615 ], [ 108.903614362613965, 34.371683889584865 ], [ 108.903492777189015, 34.371649354761921 ], [ 108.903439583935949, 34.371630993643343 ], [ 108.90335714012673, 34.371581772259873 ], [ 108.903350495147777, 34.371548733756192 ], [ 108.903362919220172, 34.371478247654821 ], [ 108.903392395989329, 34.371445629358305 ], [ 108.903434221705339, 34.371433746289831 ], [ 108.903512874517688, 34.371436835907502 ], [ 108.903586069371315, 34.371445858672836 ], [ 108.903652156942996, 34.371465280689236 ], [ 108.903730303322931, 34.371508806415278 ], [ 108.903783965343067, 34.371552391464668 ], [ 108.903794219142796, 34.371588517499404 ], [ 108.903788293400098, 34.371619110789275 ], [ 108.90377019581868, 34.371644318121319 ] ], [ [ 108.903653953272283, 34.374024868351569 ], [ 108.903650880802928, 34.374012568553681 ], [ 108.903642894057853, 34.374001895199484 ], [ 108.903630967425073, 34.373994150442705 ], [ 108.903203567522851, 34.373805650523963 ], [ 108.903197521412892, 34.373803455598306 ], [ 108.902971021486607, 34.373737755631907 ], [ 108.902970976000034, 34.373737743262041 ], [ 108.902970970860579, 34.373737740976061 ], [ 108.902970963614692, 34.373737739893905 ], [ 108.902969405819036, 34.373737316258534 ], [ 108.902636681019203, 34.37365278530163 ], [ 108.902739591925794, 34.373409746758298 ], [ 108.903200416166044, 34.3735337779421 ], [ 108.903205760425209, 34.373590596164625 ], [ 108.90320831890314, 34.373600267308028 ], [ 108.903213961145326, 34.373608993388295 ], [ 108.903276161126826, 34.373679693404817 ], [ 108.903285124477861, 34.373687236243207 ], [ 108.903296348717333, 34.373692287496389 ], [ 108.904151749841034, 34.37395078174989 ], [ 108.904114605350841, 34.374045043105262 ], [ 108.904047520618178, 34.374197330259079 ], [ 108.90363712000763, 34.374073574594561 ], [ 108.903651736620972, 34.374037294011934 ], [ 108.903653953272283, 34.374024868351569 ] ], [ [ 108.90328621405493, 34.373520943397693 ], [ 108.903355372644739, 34.373464780523889 ], [ 108.90344072865021, 34.373442289650392 ], [ 108.904260632760739, 34.37369051249069 ], [ 108.904179570496169, 34.373882637975179 ], [ 108.903338457174144, 34.373628461500715 ], [ 108.903291283709407, 34.373574841529376 ], [ 108.90328621405493, 34.373520943397693 ] ], [ [ 108.90289124504605, 34.373064770379536 ], [ 108.903705255453602, 34.373293952105676 ], [ 108.90371834843981, 34.373295854628303 ], [ 108.903731521416404, 34.373294379804207 ], [ 108.903743536997723, 34.373289666168894 ], [ 108.90388963732336, 34.373207540361989 ], [ 108.904401461100633, 34.373356811216411 ], [ 108.90428928244107, 34.373622618655304 ], [ 108.903456575275229, 34.373370519769296 ], [ 108.903442619284334, 34.373368346529283 ], [ 108.903428564749774, 34.373370027375998 ], [ 108.903319264793012, 34.373398827367879 ], [ 108.903302052934748, 34.373407408172277 ], [ 108.903229813598969, 34.373466072867814 ], [ 108.902768812432569, 34.37334199412232 ], [ 108.902875727093999, 34.373098291202062 ], [ 108.90289124504605, 34.373064770379536 ] ], [ [ 108.903001045377295, 34.372812781059423 ], [ 108.903790732527867, 34.373040686035104 ], [ 108.90383248500784, 34.373152773878935 ], [ 108.903712718313074, 34.373220097043578 ], [ 108.902921391018282, 34.372997301679838 ], [ 108.903001045377295, 34.372812781059423 ] ], [ [ 108.902344617545026, 34.37345714767465 ], [ 108.902470631532609, 34.373146672408076 ], [ 108.902513362806189, 34.373100108350307 ], [ 108.902602007071394, 34.37305819192877 ], [ 108.902680374320511, 34.373065803416942 ], [ 108.90276087354988, 34.37310234402657 ], [ 108.902767867411157, 34.373104883439623 ], [ 108.902779151773672, 34.373108032075514 ], [ 108.902671942149539, 34.373352406569815 ], [ 108.902671778178444, 34.373352786962457 ], [ 108.902539920469252, 34.373664186743333 ], [ 108.902450242159276, 34.373872038357497 ], [ 108.902427893324045, 34.373864740062501 ], [ 108.902424503329271, 34.373863765280156 ], [ 108.902302359592767, 34.37383327380897 ], [ 108.902261187696169, 34.373780508411386 ], [ 108.902254965490641, 34.373733645147503 ], [ 108.902262786018468, 34.373681273793949 ], [ 108.902344617545026, 34.37345714767465 ] ], [ [ 108.902531395937132, 34.373897468232464 ], [ 108.902607687759556, 34.373720642811797 ], [ 108.902900920826184, 34.373795140723651 ], [ 108.902821382483637, 34.373984409599196 ], [ 108.902531395937132, 34.373897468232464 ] ], [ [ 108.903526292783013, 34.374121536084076 ], [ 108.903068616417372, 34.374062959389157 ], [ 108.903062844127405, 34.374062545278989 ], [ 108.902959958261604, 34.374060884569431 ], [ 108.902944515372695, 34.374032995191499 ], [ 108.902938457609949, 34.374025016862468 ], [ 108.902930107207936, 34.374018618145548 ], [ 108.902920038082982, 34.374014238818908 ], [ 108.90290289566407, 34.374009024171421 ], [ 108.90298336735178, 34.373817533886509 ], [ 108.903165754512514, 34.37387043821743 ], [ 108.903557837819463, 34.37404336229006 ], [ 108.903541470255703, 34.374083988856597 ], [ 108.903526292783013, 34.374121536084076 ] ], [ [ 108.904048724896114, 34.376130712720773 ], [ 108.903944314888108, 34.376375094671893 ], [ 108.903141608263937, 34.376159297214912 ], [ 108.903113699850834, 34.376113759193984 ], [ 108.903218463949884, 34.375887376038143 ], [ 108.904048724896114, 34.376130712720773 ] ], [ [ 108.9030860802295, 34.376362212043908 ], [ 108.903138443456101, 34.376234055712359 ], [ 108.903914575015719, 34.376442708803381 ], [ 108.903824614457704, 34.376641890971676 ], [ 108.903063811779191, 34.37643314633894 ], [ 108.9030860802295, 34.376362212043908 ] ], [ [ 108.903027633519628, 34.37613209102301 ], [ 108.903064163610466, 34.376191697099294 ], [ 108.903017430796325, 34.376306073107955 ], [ 108.90274289117869, 34.37622725939395 ], [ 108.902776489618844, 34.376146260533986 ], [ 108.902810233064031, 34.376081106915187 ], [ 108.903109532013332, 34.375829029517668 ], [ 108.903159628749108, 34.375789395635358 ], [ 108.903151033190696, 34.375832317068706 ], [ 108.903025806432765, 34.376102917193343 ], [ 108.90302309390124, 34.376112655952056 ], [ 108.90302371902672, 34.376122637588011 ], [ 108.903027633519628, 34.37613209102301 ] ], [ [ 108.907810514695925, 34.373460276522835 ], [ 108.906665537573105, 34.373122518722937 ], [ 108.906659332588404, 34.37312110827154 ], [ 108.906594032613683, 34.373110508278323 ], [ 108.906586518406158, 34.373109844732284 ], [ 108.906541285183735, 34.373109136862325 ], [ 108.906516059366226, 34.373086180038975 ], [ 108.906504593931103, 34.373078751028139 ], [ 108.906487253848113, 34.373070993627607 ], [ 108.906671667816994, 34.372611451083984 ], [ 108.908002771431853, 34.373013560270422 ], [ 108.907810514695925, 34.373460276522835 ] ], [ [ 108.908031927340247, 34.372945819829496 ], [ 108.906699066558915, 34.372543179955628 ], [ 108.90681464329144, 34.372255209025141 ], [ 108.908160985360553, 34.372645988389991 ], [ 108.908031927340247, 34.372945819829496 ] ], [ [ 108.908979638549724, 34.372807344139723 ], [ 108.908230827580198, 34.372590057240195 ], [ 108.906842036454378, 34.372186957347679 ], [ 108.906950059184183, 34.371917817009951 ], [ 108.909079534858748, 34.372547788193991 ], [ 108.908979638549724, 34.372807344139723 ] ], [ [ 108.907892239747994, 34.373484382380873 ], [ 108.908098947422218, 34.373004087511688 ], [ 108.908242858278228, 34.37266974896329 ], [ 108.908953254751182, 34.37287588882733 ], [ 108.908809599661808, 34.373249061009723 ], [ 108.908634710423641, 34.373703364430369 ], [ 108.907892239747994, 34.373484382380873 ] ], [ [ 108.908521680492143, 34.373959760941425 ], [ 108.907650264523753, 34.373718019330177 ], [ 108.906562658619904, 34.373376584919114 ], [ 108.906512591814575, 34.373354439991147 ], [ 108.906545710621074, 34.373327258442231 ], [ 108.906553529348827, 34.373318528083658 ], [ 108.906577029338607, 34.373281728075234 ], [ 108.906581316384845, 34.373271578558189 ], [ 108.906590616365719, 34.373230778553186 ], [ 108.906591079756325, 34.373219940548111 ], [ 108.906585816582805, 34.373182463263028 ], [ 108.906639501647646, 34.373191177838066 ], [ 108.907822262796316, 34.373540081451871 ], [ 108.908606357396408, 34.373771340177903 ], [ 108.908572769261426, 34.373845919432611 ], [ 108.908572751628526, 34.373845958654471 ], [ 108.908521680492143, 34.373959760941425 ] ], [ [ 108.906460964189051, 34.373412545179498 ], [ 108.906467087037583, 34.373415829504658 ], [ 108.906524287050615, 34.373441129515541 ], [ 108.906529342820789, 34.37344303177229 ], [ 108.907581471819242, 34.373773329183798 ], [ 108.907414814234841, 34.374191179074899 ], [ 108.90617023929039, 34.373843650904057 ], [ 108.906356945322884, 34.373391024343817 ], [ 108.906374552097844, 34.373393323734078 ], [ 108.906388530095981, 34.373393258451422 ], [ 108.906423294281964, 34.373388384971605 ], [ 108.906460964189051, 34.373412545179498 ] ], [ [ 108.906683734363099, 34.374375599593819 ], [ 108.906677727171569, 34.374365906768048 ], [ 108.906668494204879, 34.374358150963445 ], [ 108.90665688333965, 34.374353044405808 ], [ 108.906029725549757, 34.374171671735439 ], [ 108.906141634831499, 34.373911555840159 ], [ 108.907385219070804, 34.374258807519134 ], [ 108.907227038936242, 34.374591550989308 ], [ 108.906710488872946, 34.374441966678781 ], [ 108.906683734363099, 34.374375599593819 ] ], [ [ 108.906000570396813, 34.374239412670178 ], [ 108.906608214725694, 34.37441514221743 ], [ 108.906634965588125, 34.37448150039927 ], [ 108.906640969208681, 34.374491189136727 ], [ 108.906650195986174, 34.374498943003289 ], [ 108.906661799389113, 34.374504050602205 ], [ 108.907196184460403, 34.374658799751082 ], [ 108.90706282960592, 34.374959646014332 ], [ 108.907019895651601, 34.374948255367563 ], [ 108.905846964100064, 34.374596173355414 ], [ 108.906000570396813, 34.374239412670178 ] ], [ [ 108.90748340326995, 34.374248277175795 ], [ 108.907483408857331, 34.374248249818521 ], [ 108.907483478058992, 34.374248091362183 ], [ 108.907663212623333, 34.373797453568642 ], [ 108.908491996973396, 34.374027368571177 ], [ 108.908357246193972, 34.37434082576646 ], [ 108.908357060624397, 34.374341266458906 ], [ 108.908244768590208, 34.374613604303548 ], [ 108.907979640116537, 34.375225635688047 ], [ 108.907145088291315, 34.374982562389633 ], [ 108.907292635165504, 34.374649698299997 ], [ 108.907482650048479, 34.374249987320219 ], [ 108.9074833825985, 34.374248309945351 ], [ 108.90748340326995, 34.374248277175795 ] ], [ [ 108.90634151342276, 34.373316199005032 ], [ 108.906305129641794, 34.373300373542548 ], [ 108.906277106841941, 34.373275595497716 ], [ 108.906260260742727, 34.373244426532281 ], [ 108.906256612076049, 34.373213996784244 ], [ 108.906264127244, 34.373183788695926 ], [ 108.90628230680737, 34.373156776939268 ], [ 108.906309475328726, 34.373135572235334 ], [ 108.9063442506977, 34.373121632428834 ], [ 108.906382428743399, 34.37311720170932 ], [ 108.906420177242723, 34.373122709760388 ], [ 108.906456911041005, 34.373139143305124 ], [ 108.906485024817968, 34.373164728340029 ], [ 108.906499885795625, 34.373192410579044 ], [ 108.906504155106731, 34.373222811131086 ], [ 108.906497301636847, 34.373252877900867 ], [ 108.906479974821181, 34.373280010938906 ], [ 108.90645365109242, 34.373301615562809 ], [ 108.90642083083479, 34.373315786278106 ], [ 108.906381052473449, 34.373321362685438 ], [ 108.90634151342276, 34.373316199005032 ] ], [ [ 108.904897051880496, 34.374968077069383 ], [ 108.904909562245606, 34.374962302374875 ], [ 108.904919123185721, 34.374953464896976 ], [ 108.904992700643461, 34.374857303456466 ], [ 108.905548602458595, 34.375023395592081 ], [ 108.905421643954895, 34.375285627001865 ], [ 108.904481683735114, 34.375032793426108 ], [ 108.904469399162068, 34.375031049967049 ], [ 108.904457023826112, 34.375032275081672 ], [ 108.904445579619519, 34.375036367606107 ], [ 108.904436011547077, 34.375042989600317 ], [ 108.904347867847434, 34.375124479397627 ], [ 108.903806326141364, 34.374971109176911 ], [ 108.903921690013661, 34.374707078590944 ], [ 108.904868809577778, 34.374968323043618 ], [ 108.904882955553589, 34.374970159615543 ], [ 108.904897051880496, 34.374968077069383 ] ], [ [ 108.904925597782722, 34.374701561974319 ], [ 108.904930795185038, 34.374803951853508 ], [ 108.904864032360521, 34.374891206929625 ], [ 108.90395122333554, 34.374639426331214 ], [ 108.903983586003903, 34.374565230549337 ], [ 108.90398373933786, 34.374564873126737 ], [ 108.904036549743253, 34.374439684098853 ], [ 108.904925597782722, 34.374701561974319 ] ], [ [ 108.905686369533456, 34.374542389399871 ], [ 108.905743320944893, 34.374620997391524 ], [ 108.905580930441658, 34.374956604192725 ], [ 108.905016808256178, 34.374788056033651 ], [ 108.905011033156512, 34.374674287744 ], [ 108.905008604418811, 34.374663844172872 ], [ 108.905002597643133, 34.3746544464164 ], [ 108.904993538262204, 34.374646916525712 ], [ 108.904982218728975, 34.374641913163693 ], [ 108.904065188475485, 34.374371793075007 ], [ 108.904114241038684, 34.374255505818027 ], [ 108.904181681763717, 34.374102410362795 ], [ 108.905144813134072, 34.374380496774656 ], [ 108.905686369533456, 34.374542389399871 ] ], [ [ 108.905149437435625, 34.376112579561905 ], [ 108.905149585062347, 34.376112223871324 ], [ 108.905179003044211, 34.376040120934427 ], [ 108.905349670739909, 34.376116668344345 ], [ 108.905334935395757, 34.376195813605776 ], [ 108.90533444773861, 34.37620239384804 ], [ 108.905340947646408, 34.376379493842194 ], [ 108.905341170164917, 34.376382198163228 ], [ 108.905369070051307, 34.376599998163186 ], [ 108.905375735358973, 34.376615671523112 ], [ 108.905467935321582, 34.376734371547812 ], [ 108.905474503286626, 34.376740953349177 ], [ 108.905482758288855, 34.376746064991224 ], [ 108.905697883386424, 34.376848762929221 ], [ 108.905844816041537, 34.376956174446889 ], [ 108.905854593147453, 34.376961565019393 ], [ 108.906017693189199, 34.377027065048814 ], [ 108.906024504317969, 34.377029234921068 ], [ 108.906190696599708, 34.377069250188804 ], [ 108.906123750192592, 34.377298703844943 ], [ 108.904838565616373, 34.376974535561608 ], [ 108.904794036279668, 34.376958992314059 ], [ 108.904815094323908, 34.37691164138549 ], [ 108.904815489970588, 34.376910712755731 ], [ 108.904901612962675, 34.37669940145858 ], [ 108.905029933403085, 34.376395689424513 ], [ 108.905149437435625, 34.376112579561905 ] ], [ [ 108.905402590524361, 34.375518093381984 ], [ 108.905487050608116, 34.375343595495366 ], [ 108.905645849793558, 34.375015596868579 ], [ 108.905816246238089, 34.374663444054498 ], [ 108.906951522301341, 34.375004223271333 ], [ 108.906882038989224, 34.375179070425673 ], [ 108.906826530875747, 34.375158870386834 ], [ 108.906816860918397, 34.375156418743096 ], [ 108.906617260996711, 34.375126318762952 ], [ 108.906606543705109, 34.375125821971814 ], [ 108.906387643799874, 34.375138221974844 ], [ 108.906383196005805, 34.375138666212067 ], [ 108.906149296105511, 34.375172266206462 ], [ 108.90613822831962, 34.375175162820916 ], [ 108.905998087042775, 34.375229858750586 ], [ 108.905869717049043, 34.375201361859453 ], [ 108.90585586192654, 34.375200204948399 ], [ 108.905842278744743, 34.375202748209276 ], [ 108.905830367698741, 34.375208729475041 ], [ 108.905821356615036, 34.375217532178752 ], [ 108.905621756553202, 34.375492032111438 ], [ 108.90562107245016, 34.37549300718635 ], [ 108.90548807239999, 34.375689607139961 ], [ 108.90548464082778, 34.375696112479574 ], [ 108.905377340716058, 34.375970612432731 ], [ 108.905375731555552, 34.37597623486861 ], [ 108.90536368740888, 34.376041183088077 ], [ 108.905208649431927, 34.375971645867956 ], [ 108.905214842739412, 34.375958392171256 ], [ 108.905215285932286, 34.375957400709829 ], [ 108.905245385904692, 34.375886900697125 ], [ 108.90536709302414, 34.375601383696086 ], [ 108.905402590524361, 34.375518093381984 ] ], [ [ 108.907439253859764, 34.375712163080415 ], [ 108.907429425530083, 34.375636070605637 ], [ 108.907424718376092, 34.375623210320214 ], [ 108.907373218344745, 34.375541710333913 ], [ 108.907369313668823, 34.375536621055467 ], [ 108.907262013640661, 34.37541972108383 ], [ 108.907257552327906, 34.375415570298138 ], [ 108.907133052322905, 34.375316370328889 ], [ 108.907129963885936, 34.375314132512251 ], [ 108.906981963895902, 34.375216732546406 ], [ 108.906972435461185, 34.375211972045861 ], [ 108.906961829625445, 34.375208111251965 ], [ 108.907033636592516, 34.375027416463752 ], [ 108.907075401085635, 34.375038496833469 ], [ 108.907951252390646, 34.375293599374849 ], [ 108.90774865798376, 34.375797351808075 ], [ 108.907439253859764, 34.375712163080415 ] ], [ [ 108.904405860747445, 34.375178587233066 ], [ 108.904481751902978, 34.375108425033254 ], [ 108.905389258102119, 34.375352529019814 ], [ 108.90532174851937, 34.375492006159661 ], [ 108.905321106202848, 34.375493418228146 ], [ 108.905299807858796, 34.375543391966673 ], [ 108.904416858152686, 34.375281787547983 ], [ 108.904405860747445, 34.375178587233066 ] ], [ [ 108.907006412225016, 34.376833475224707 ], [ 108.906885466176945, 34.376898854091593 ], [ 108.906678638707092, 34.376967893959566 ], [ 108.906481724410199, 34.37701865197694 ], [ 108.906249875895767, 34.377008604582294 ], [ 108.906052211690437, 34.376961011655602 ], [ 108.905897739477979, 34.376898976538115 ], [ 108.905751983941371, 34.376792425580696 ], [ 108.905744941649615, 34.37678823495996 ], [ 108.90553516470203, 34.376688090219751 ], [ 108.905454242003685, 34.37658390889208 ], [ 108.90542760259865, 34.376375950502336 ], [ 108.905421273702586, 34.376203514867541 ], [ 108.905440064561404, 34.376102586368205 ], [ 108.905460937165046, 34.375990030107204 ], [ 108.905565832579029, 34.375721681311653 ], [ 108.905696394738811, 34.375528684789806 ], [ 108.905878798232095, 34.375277834243988 ], [ 108.905990982991867, 34.375302738156613 ], [ 108.906006062512446, 34.375303818752748 ], [ 108.906020671640619, 34.37530053719653 ], [ 108.90616987362597, 34.375242304971692 ], [ 108.906395793953408, 34.375209851265616 ], [ 108.906607060286731, 34.375197883699833 ], [ 108.90679633056584, 34.375226425968755 ], [ 108.906890866947279, 34.375260828829347 ], [ 108.906932429080328, 34.375275958517754 ], [ 108.907074427997458, 34.375369409179449 ], [ 108.907195022923972, 34.375465497702002 ], [ 108.907298075688971, 34.375577770529048 ], [ 108.907344052939862, 34.37565053070405 ], [ 108.907355974416291, 34.375742829378744 ], [ 108.907359027034317, 34.375752757359074 ], [ 108.907365332329022, 34.375761568671294 ], [ 108.907374378507754, 34.375768548111218 ], [ 108.907385431302913, 34.375773129165431 ], [ 108.907720887343515, 34.375865490887101 ], [ 108.907316882927873, 34.376843930644043 ], [ 108.907139666272059, 34.376797508976303 ], [ 108.907125032567535, 34.37679586181234 ], [ 108.907110580579925, 34.376798381061157 ], [ 108.907014080615639, 34.376830181051453 ], [ 108.907006412225016, 34.376833475224707 ] ], [ [ 108.906706076266715, 34.377036140388157 ], [ 108.906709398214801, 34.377035159633785 ], [ 108.906921798293027, 34.376964259612045 ], [ 108.906929287759183, 34.376961024793843 ], [ 108.907050152362643, 34.376895689951219 ], [ 108.907128263881106, 34.376869949581398 ], [ 108.90728815953679, 34.376911834042843 ], [ 108.907038985507299, 34.377487913685385 ], [ 108.906207409659302, 34.377317858072111 ], [ 108.906276291282893, 34.377081770810499 ], [ 108.906484936173669, 34.377090812634918 ], [ 108.906500076184741, 34.37708924040296 ], [ 108.906706076266715, 34.377036140388157 ] ] ] ] } }
]
}
